Person ID,Constituency,Party,Last name,URI,First name,Colour,PC_ID,Name
10001,Hackney North and Stoke Newington,Labour,Abbott,https://www.theyworkforyou.com/mp/10001/diane_abbott/hackney_north_and_stoke_newington,Diane,#DC241f,E14000720,Diane Abbott
25034,Oldham East and Saddleworth,Labour,Abrahams,https://www.theyworkforyou.com/mp/25034/debbie_abrahams/oldham_east_and_saddleworth,Debbie,#DC241f,E14000870,Debbie Abrahams
24878,Selby and Ainsty,Conservative,Adams,https://www.theyworkforyou.com/mp/24878/nigel_adams/selby_and_ainsty,Nigel,#0087DC,E14000917,Nigel Adams
25661,Hitchin and Harpenden,Conservative,Afolami,https://www.theyworkforyou.com/mp/25661/bim_afolami/hitchin_and_harpenden,Bim,#0087DC,E14000749,Peter Lilley
11929,Windsor,Conservative,Afriyie,https://www.theyworkforyou.com/mp/11929/adam_afriyie/windsor,Adam,#0087DC,E14001042,Adam Afriyie
24904,Waveney,Conservative,Aldous,https://www.theyworkforyou.com/mp/24904/peter_aldous/waveney,Peter,#0087DC,E14001022,Peter Aldous
24953,Lewisham East,Labour,Alexander,https://www.theyworkforyou.com/mp/24953/heidi_alexander/lewisham_east,Heidi,#DC241f,E14000789,Heidi Alexander
24958,Bethnal Green and Bow,Labour,Ali,https://www.theyworkforyou.com/mp/24958/rushanara_ali/bethnal_green_and_bow,Rushanara,#DC241f,E14000555,Rushanara Ali
25337,Telford,Conservative,Allan,https://www.theyworkforyou.com/mp/25337/lucy_allan/telford,Lucy,#0087DC,E14000989,Lucy Allan
25348,South Cambridgeshire,Conservative,Allen,https://www.theyworkforyou.com/mp/25348/heidi_allen/south_cambridgeshire,Heidi,#0087DC,E14000934,Heidi Allen
25579,Tooting,Labour,Allin-Khan,https://www.theyworkforyou.com/mp/25579/rosena_allin-khan/tooting,Rosena,#DC241f,E14000998,Rosena Allin-Khan
25702,Weaver Vale,Labour,Amesbury,https://www.theyworkforyou.com/mp/25702/mike_amesbury/weaver_vale,Mike,#DC241f,E14001024,Graham Evans
10009,Southend West,Conservative,Amess,https://www.theyworkforyou.com/mp/10009/david_amess/southend_west,David,#0087DC,E14000957,David Amess
24864,Pudsey,Conservative,Andrew,https://www.theyworkforyou.com/mp/24864/stuart_andrew/pudsey,Stuart,#0087DC,E14000886,Stuart Andrew
25634,Gower,Labour,Antoniazzi,https://www.theyworkforyou.com/mp/25634/tonia_antoniazzi/gower,Tonia,#DC241f,W07000046,Byron Davies
25396,Charnwood,Conservative,Argar,https://www.theyworkforyou.com/mp/25396/edward_argar/charnwood,Edward,#0087DC,E14000625,Edward Argar
25120,Leicester South,Labour/Co-operative,Ashworth,https://www.theyworkforyou.com/mp/25120/jon_ashworth/leicester_south,Jon,#DC241f,E14000783,Jon Ashworth
25424,Louth and Horncastle,Conservative,Atkins,https://www.theyworkforyou.com/mp/25424/victoria_atkins/louth_and_horncastle,Victoria,#0087DC,E14000798,Victoria Atkins
11553,Dudley North,Labour,Austin,https://www.theyworkforyou.com/mp/11553/ian_austin/dudley_north,Ian,#DC241f,E14000671,Ian Austin
10707,South Norfolk,Conservative,Bacon,https://www.theyworkforyou.com/mp/10707/richard_bacon/south_norfolk,Richard,#0087DC,E14000941,Richard Bacon
25693,Saffron Walden,Conservative,Badenoch,https://www.theyworkforyou.com/mp/25693/kemi_badenoch/saffron_walden,Kemi,#0087DC,E14000910,Alan Haselhurst
10683,West Bromwich West,Labour/Co-operative,Bailey,https://www.theyworkforyou.com/mp/10683/adrian_bailey/west_bromwich_west,Adrian,#DC241f,E14001030,Adrian Bailey
24786,Wycombe,Conservative,Baker,https://www.theyworkforyou.com/mp/24786/steven_baker/wycombe,Steven,#0087DC,E14001056,Steven Baker
24785,West Worcestershire,Conservative,Baldwin,https://www.theyworkforyou.com/mp/24785/harriett_baldwin/west_worcestershire,Harriett,#0087DC,E14001035,Harriett Baldwin
24916,North East Cambridgeshire,Conservative,Barclay,https://www.theyworkforyou.com/mp/24916/stephen_barclay/north_east_cambridgeshire,Stephen,#0087DC,E14000842,Stephen Barclay
25409,Livingston,Scottish National Party,Bardell,https://www.theyworkforyou.com/mp/25409/hannah_bardell/livingston,Hannah,#FFFF00,S14000044,Hannah Bardell
10715,Basildon and Billericay,Conservative,Baron,https://www.theyworkforyou.com/mp/10715/john_baron/basildon_and_billericay,John,#0087DC,E14000544,John Baron
10027,Rother Valley,Labour,Barron,https://www.theyworkforyou.com/mp/10027/kevin_barron/rother_valley,Kevin,#DC241f,E14000903,Kevin Barron
24736,Aberconwy,Conservative,Bebb,https://www.theyworkforyou.com/mp/24736/guto_bebb/aberconwy,Guto,#0087DC,W07000058,Guto Bebb
10031,Derby South,Labour,Beckett,https://www.theyworkforyou.com/mp/10031/margaret_beckett/derby_south,Margaret,#DC241f,E14000663,Margaret Beckett
10726,North West Norfolk,Conservative,Bellingham,https://www.theyworkforyou.com/mp/10726/henry_bellingham/north_west_norfolk,Henry,#0087DC,E14000859,Henry Bellingham
10669,Leeds Central,Labour,Benn,https://www.theyworkforyou.com/mp/10669/hilary_benn/leeds_central,Hilary,#DC241f,E14000777,Hilary Benn
11727,Newbury,Conservative,Benyon,https://www.theyworkforyou.com/mp/11727/richard_benyon/newbury,Richard,#0087DC,E14000830,Richard Benyon
10040,Buckingham,Speaker,Bercow,https://www.theyworkforyou.com/mp/10040/john_bercow/buckingham,John,#DDDDDD,E14000608,John Bercow
10041,Mole Valley,Conservative,Beresford,https://www.theyworkforyou.com/mp/10041/paul_beresford/mole_valley,Paul,#0087DC,E14000824,Paul Beresford
24924,"Liverpool, Wavertree",Labour/Co-operative,Berger,https://www.theyworkforyou.com/mp/24924/luciana_berger/liverpool%2C_wavertree,Luciana,#DC241f,E14000795,Luciana Berger
24860,Rossendale and Darwen,Conservative,Berry,https://www.theyworkforyou.com/mp/24860/jake_berry/rossendale_and_darwen,Jake,#0087DC,E14000902,Jake Berry
10045,Sheffield South East,Labour,Betts,https://www.theyworkforyou.com/mp/10045/clive_betts/sheffield_south_east,Clive,#DC241f,E14000922,Clive Betts
25269,Paisley and Renfrewshire South,Scottish National Party,Black,https://www.theyworkforyou.com/mp/25269/mhairi_black/paisley_and_renfrewshire_south,Mhairi,#FFFF00,S14000053,Mhairi Black
25361,"Ross, Skye and Lochaber",Scottish National Party,Blackford,https://www.theyworkforyou.com/mp/25361/ian_blackford/ross%2C_skye_and_lochaber,Ian,#FFFF00,S14000055,Ian Blackford
24945,Harrow East,Conservative,Blackman,https://www.theyworkforyou.com/mp/24945/bob_blackman/harrow_east,Bob,#0087DC,E14000731,Bob Blackman
25314,Aberdeen North,Scottish National Party,Blackman,https://www.theyworkforyou.com/mp/25314/kirsty_blackman/aberdeen_north,Kirsty,#FFFF00,S14000001,Kirsty Blackman
11558,City of Durham,Labour,Blackman-Woods,https://www.theyworkforyou.com/mp/11558/roberta_blackman-woods/city_of_durham,Roberta,#DC241f,E14000641,Roberta Blackman-Woods
24943,Sheffield Central,Labour,Blomfield,https://www.theyworkforyou.com/mp/24943/paul_blomfield/sheffield_central,Paul,#DC241f,E14000921,Paul Blomfield
10051,Reigate,Conservative,Blunt,https://www.theyworkforyou.com/mp/10051/crispin_blunt/reigate,Crispin,#0087DC,E14000893,Crispin Blunt
24766,Grantham and Stamford,Conservative,Boles,https://www.theyworkforyou.com/mp/24766/nicholas_boles/grantham_and_stamford,Nicholas,#0087DC,E14000714,Nicholas Boles
11915,Wellingborough,Conservative,Bone,https://www.theyworkforyou.com/mp/11915/peter_bone/wellingborough,Peter,#0087DC,E14001025,Peter Bone
10057,Worthing West,Conservative,Bottomley,https://www.theyworkforyou.com/mp/10057/peter_bottomley/worthing_west,Peter,#0087DC,E14001055,Peter Bottomley
25703,West Aberdeenshire and Kincardine,Conservative,Bowie,https://www.theyworkforyou.com/mp/25703/andrew_bowie/west_aberdeenshire_and_kincardine,Andrew,#0087DC,S14000058,Stuart Donaldson
25592,Batley and Spen,Labour/Co-operative,Brabin,https://www.theyworkforyou.com/mp/25592/tracy_brabin/batley_and_spen,Tracy,#DC241f,E14000548,Tracy Brabin
25683,Mansfield,Conservative,Bradley,https://www.theyworkforyou.com/mp/25683/ben_bradley/mansfield,Ben,#0087DC,E14000810,Alan Meale
24725,Staffordshire Moorlands,Conservative,Bradley,https://www.theyworkforyou.com/mp/24725/karen_bradley/staffordshire_moorlands,Karen,#0087DC,E14000966,Karen Bradley
10061,Exeter,Labour,Bradshaw,https://www.theyworkforyou.com/mp/10061/ben_bradshaw/exeter,Ben,#DC241f,E14000698,Ben Bradshaw
10062,Altrincham and Sale West,Conservative,Brady,https://www.theyworkforyou.com/mp/10062/graham_brady/altrincham_and_sale_west,Graham,#0087DC,E14000532,Graham Brady
13893,Newry and Armagh,Sinn Féin,Brady,https://www.theyworkforyou.com/mp/13893/mickey_brady/newry_and_armagh,Mickey,#008800,N06000011,Mickey Brady
10063,Carshalton and Wallington,Liberal Democrat,Brake,https://www.theyworkforyou.com/mp/10063/tom_brake/carshalton_and_wallington,Tom,#FDBB30,E14000621,Tom Brake
10753,Cardiff West,Labour,Brennan,https://www.theyworkforyou.com/mp/10753/kevin_brennan/cardiff_west,Kevin,#DC241f,W07000079,Kevin Brennan
25698,Stoke-on-Trent South,Conservative,Brereton,https://www.theyworkforyou.com/mp/25698/jack_brereton/stoke-on-trent_south,Jack,#0087DC,E14000974,Rob Flello
24741,North West Leicestershire,Conservative,Bridgen,https://www.theyworkforyou.com/mp/24741/andrew_bridgen/north_west_leicestershire,Andrew,#0087DC,E14000858,Andrew Bridgen
24901,Winchester,Conservative,Brine,https://www.theyworkforyou.com/mp/24901/steve_brine/winchester,Steve,#0087DC,E14001041,Steve Brine
25336,Edinburgh North and Leith,Scottish National Party,Brock,https://www.theyworkforyou.com/mp/25336/deidre_brock/edinburgh_north_and_leith,Deidre,#FFFF00,S14000023,Deidre Brock
11640,Old Bexley and Sidcup,Conservative,Brokenshire,https://www.theyworkforyou.com/mp/11640/james_brokenshire/old_bexley_and_sidcup,James,#0087DC,E14000869,James Brokenshire
25268,Kilmarnock and Loudoun,Scottish National Party,Brown,https://www.theyworkforyou.com/mp/25268/alan_brown/kilmarnock_and_loudoun,Alan,#FFFF00,S14000040,Alan Brown
11921,West Ham,Labour,Brown,https://www.theyworkforyou.com/mp/11921/lyn_brown/west_ham,Lyn,#DC241f,E14001032,Lyn Brown
10069,Newcastle upon Tyne East,Labour,Brown,https://www.theyworkforyou.com/mp/10069/nick_brown/newcastle_upon_tyne_east,Nick,#DC241f,E14000832,Nick Brown
24857,Congleton,Conservative,Bruce,https://www.theyworkforyou.com/mp/24857/fiona_bruce/congleton,Fiona,#0087DC,E14000646,Fiona Bruce
10761,Rhondda,Labour,Bryant,https://www.theyworkforyou.com/mp/10761/chris_bryant/rhondda,Chris,#DC241f,W07000052,Chris Bryant
10075,Westminster North,Labour,Buck,https://www.theyworkforyou.com/mp/10075/karen_buck/westminster_north,Karen,#DC241f,E14001036,Karen Buck
24843,South Swindon,Conservative,Buckland,https://www.theyworkforyou.com/mp/24843/robert_buckland/south_swindon,Robert,#0087DC,E14000947,Robert Buckland
10076,"Birmingham, Northfield",Labour,Burden,https://www.theyworkforyou.com/mp/10076/richard_burden/birmingham%2C_northfield,Richard,#DC241f,E14000565,Richard Burden
25659,Brentwood and Ongar,Conservative,Burghart,https://www.theyworkforyou.com/mp/25659/alex_burghart/brentwood_and_ongar,Alex,#0087DC,E14000594,Eric Pickles
25391,Leeds East,Labour,Burgon,https://www.theyworkforyou.com/mp/25391/richard_burgon/leeds_east,Richard,#DC241f,E14000778,Richard Burgon
24780,Bournemouth West,Conservative,Burns,https://www.theyworkforyou.com/mp/24780/conor_burns/bournemouth_west,Conor,#0087DC,E14000585,Conor Burns
10770,North East Bedfordshire,Conservative,Burt,https://www.theyworkforyou.com/mp/10770/alistair_burt/north_east_bedfordshire,Alistair,#0087DC,E14000841,Alistair Burt
11447,Brent Central,Labour,Butler,https://www.theyworkforyou.com/mp/11447/dawn_butler/brent_central,Dawn,#DC241f,E14000591,Dawn Butler
11360,"Birmingham, Hodge Hill",Labour,Byrne,https://www.theyworkforyou.com/mp/11360/liam_byrne/birmingham%2C_hodge_hill,Liam,#DC241f,E14000563,Liam Byrne
10084,Twickenham,Liberal Democrat,Cable,https://www.theyworkforyou.com/mp/10084/vincent_cable/twickenham,Vincent,#FDBB30,E14001005,Tania Mathias
25343,Brentford and Isleworth,Labour,Cadbury,https://www.theyworkforyou.com/mp/25343/ruth_cadbury/brentford_and_isleworth,Ruth,#DC241f,E14000593,Ruth Cadbury
24740,Vale of Glamorgan,Conservative,Cairns,https://www.theyworkforyou.com/mp/24740/alun_cairns/vale_of_glamorgan,Alun,#0087DC,W07000078,Alun Cairns
25276,"East Kilbride, Strathaven and Lesmahagow",Scottish National Party,Cameron,https://www.theyworkforyou.com/mp/25276/lisa_cameron/east_kilbride%2C_strathaven_and_lesmahagow,Lisa,#FFFF00,S14000019,Lisa Cameron
10086,Tynemouth,Labour,Campbell,https://www.theyworkforyou.com/mp/10086/alan_campbell/tynemouth,Alan,#DC241f,E14001006,Alan Campbell
10780,East Londonderry,DUP,Campbell,https://www.theyworkforyou.com/mp/10780/gregory_campbell/east_londonderry,Gregory,#D46A4C,N06000006,Gregory Campbell
10089,Blyth Valley,Labour,Campbell,https://www.theyworkforyou.com/mp/10089/ronnie_campbell/blyth_valley,Ronnie,#DC241f,E14000575,Ronnie Campbell
25642,"Liverpool, Walton",Labour,Carden,https://www.theyworkforyou.com/mp/25642/dan_carden/liverpool%2C_walton,Dan,#DC241f,E14000794,Steve Rotheram
10785,Orkney and Shetland,Liberal Democrat,Carmichael,https://www.theyworkforyou.com/mp/10785/alistair_carmichael/orkney_and_shetland,Alistair,#FDBB30,S14000051,Alistair Carmichael
25414,South Suffolk,Conservative,Cartlidge,https://www.theyworkforyou.com/mp/25414/james_cartlidge/south_suffolk,James,#0087DC,E14000946,James Cartlidge
10095,Stone,Conservative,Cash,https://www.theyworkforyou.com/mp/10095/bill_cash/stone,Bill,#0087DC,E14000975,Bill Cash
25397,Lewes,Conservative,Caulfield,https://www.theyworkforyou.com/mp/25397/maria_caulfield/lewes,Maria,#0087DC,E14000786,Maria Caulfield
25340,Cheltenham,Conservative,Chalk,https://www.theyworkforyou.com/mp/25340/alex_chalk/cheltenham,Alex,#0087DC,E14000630,Alex Chalk
25168,Rotherham,Labour,Champion,https://www.theyworkforyou.com/mp/25168/sarah_champion/rotherham,Sarah,#DC241f,E14000904,Sarah Champion
25305,Dunfermline and West Fife,Scottish National Party,Chapman,https://www.theyworkforyou.com/mp/25305/douglas_chapman/dunfermline_and_west_fife,Douglas,#FFFF00,S14000017,Douglas Chapman
24711,Darlington,Labour,Chapman,https://www.theyworkforyou.com/mp/24711/jenny_chapman/darlington,Jenny,#DC241f,E14000658,Jenny Chapman
25676,"Enfield, Southgate",Labour,Charalambous,https://www.theyworkforyou.com/mp/25676/bambos_charalambous/enfield%2C_southgate,Bambos,#DC241f,E14000691,David Burrowes
25404,Edinburgh South West,Scottish National Party,Cherry,https://www.theyworkforyou.com/mp/25404/joanna_cherry/edinburgh_south_west,Joanna,#FFFF00,S14000025,Joanna Cherry
24920,Gillingham and Rainham,Conservative,Chishti,https://www.theyworkforyou.com/mp/24920/rehman_chishti/gillingham_and_rainham,Rehman,#0087DC,E14000711,Rehman Chishti
10103,Christchurch,Conservative,Chope,https://www.theyworkforyou.com/mp/10103/christopher_chope/christchurch,Christopher,#0087DC,E14000638,Christopher Chope
25408,Bury St Edmunds,Conservative,Churchill,https://www.theyworkforyou.com/mp/25408/jo_churchill/bury_st_edmunds,Jo,#0087DC,E14000613,Jo Churchill
25678,Gordon,Conservative,Clark,https://www.theyworkforyou.com/mp/25678/colin_clark/gordon,Colin,#0087DC,S14000037,Alex Salmond
11884,Tunbridge Wells,Conservative,Clark,https://www.theyworkforyou.com/mp/11884/greg_clark/tunbridge_wells,Greg,#0087DC,E14001004,Greg Clark
10115,Rushcliffe,Conservative,Clarke,https://www.theyworkforyou.com/mp/10115/kenneth_clarke/rushcliffe,Kenneth,#0087DC,E14000908,Kenneth Clarke
25657,Middlesbrough South and East Cleveland,Conservative,Clarke,https://www.theyworkforyou.com/mp/25657/simon_clarke/middlesbrough_south_and_east_cleveland,Simon,#0087DC,E14000820,Tom Blenkinsop
25376,Braintree,Conservative,Cleverly,https://www.theyworkforyou.com/mp/25376/james_cleverly/braintree,James,#0087DC,E14000590,James Cleverly
10119,The Cotswolds,Conservative,Clifton-Brown,https://www.theyworkforyou.com/mp/10119/geoffrey_clifton-brown/the_cotswolds,Geoffrey,#0087DC,E14000991,Geoffrey Clifton-Brown
10120,Cynon Valley,Labour,Clwyd,https://www.theyworkforyou.com/mp/10120/ann_clwyd/cynon_valley,Ann,#DC241f,W07000070,Ann Clwyd
10121,Gedling,Labour,Coaker,https://www.theyworkforyou.com/mp/10121/vernon_coaker/gedling,Vernon,#DC241f,E14000710,Vernon Coaker
10122,Stockport,Labour,Coffey,https://www.theyworkforyou.com/mp/10122/ann_coffey/stockport,Ann,#DC241f,E14000969,Ann Coffey
24771,Suffolk Coastal,Conservative,Coffey,https://www.theyworkforyou.com/mp/24771/therese_coffey/suffolk_coastal,Therese,#0087DC,E14000981,Therese Coffey
24744,Folkestone and Hythe,Conservative,Collins,https://www.theyworkforyou.com/mp/24744/damian_collins/folkestone_and_hythe,Damian,#0087DC,E14000704,Damian Collins
25283,Burnley,Labour,Cooper,https://www.theyworkforyou.com/mp/25283/julie_cooper/burnley,Julie,#DC241f,E14000609,Julie Cooper
11667,West Lancashire,Labour,Cooper,https://www.theyworkforyou.com/mp/11667/rosie_cooper/west_lancashire,Rosie,#DC241f,E14001033,Rosie Cooper
10131,"Normanton, Pontefract and Castleford",Labour,Cooper,https://www.theyworkforyou.com/mp/10131/yvette_cooper/normanton%2C_pontefract_and_castleford,Yvette,#DC241f,E14000836,Yvette Cooper
10133,Islington North,Labour,Corbyn,https://www.theyworkforyou.com/mp/10133/jeremy_corbyn/islington_north,Jeremy,#DC241f,E14000763,Jeremy Corbyn
25413,South Leicestershire,Conservative,Costa,https://www.theyworkforyou.com/mp/25413/alberto_costa/south_leicestershire,Alberto,#0087DC,E14000940,Alberto Costa
25593,Witney,Conservative,Courts,https://www.theyworkforyou.com/mp/25593/robert_courts/witney,Robert,#0087DC,E14001046,Robert Courts
25288,Inverclyde,Scottish National Party,Cowan,https://www.theyworkforyou.com/mp/25288/ronnie_cowan/inverclyde,Ronnie,#FFFF00,S14000038,Ronnie Cowan
11541,Torridge and West Devon,Conservative,Cox,https://www.theyworkforyou.com/mp/11541/geoffrey_cox/torridge_and_west_devon,Geoffrey,#0087DC,E14001000,Geoffrey Cox
25326,Bermondsey and Old Southwark,Labour,Coyle,https://www.theyworkforyou.com/mp/25326/neil_coyle/bermondsey_and_old_southwark,Neil,#DC241f,E14000553,Neil Coyle
11768,Preseli Pembrokeshire,Conservative,Crabb,https://www.theyworkforyou.com/mp/11768/stephen_crabb/preseli_pembrokeshire,Stephen,#0087DC,W07000065,Stephen Crabb
10141,Bolton North East,Labour,Crausby,https://www.theyworkforyou.com/mp/10141/david_crausby/bolton_north_east,David,#DC241f,E14000578,David Crausby
25295,Lanark and Hamilton East,Scottish National Party,Crawley,https://www.theyworkforyou.com/mp/25295/angela_crawley/lanark_and_hamilton_east,Angela,#FFFF00,S14000042,Angela Crawley
11898,Wakefield,Labour,Creagh,https://www.theyworkforyou.com/mp/11898/mary_creagh/wakefield,Mary,#DC241f,E14001009,Mary Creagh
24949,Walthamstow,Labour/Co-operative,Creasy,https://www.theyworkforyou.com/mp/24949/stella_creasy/walthamstow,Stella,#DC241f,E14001013,Stella Creasy
24871,Chatham and Aylesford,Conservative,Crouch,https://www.theyworkforyou.com/mp/24871/tracey_crouch/chatham_and_aylesford,Tracey,#0087DC,E14000626,Tracey Crouch
10828,Dagenham and Rainham,Labour,Cruddas,https://www.theyworkforyou.com/mp/10828/jon_cruddas/dagenham_and_rainham,Jon,#DC241f,E14000657,Jon Cruddas
10143,Leyton and Wanstead,Labour,Cryer,https://www.theyworkforyou.com/mp/10143/john_cryer/leyton_and_wanstead,John,#DC241f,E14000790,John Cryer
25393,Bradford South,Labour,Cummins,https://www.theyworkforyou.com/mp/25393/judith_cummins/bradford_south,Judith,#DC241f,E14000588,Judith Cummins
24742,Stockton North,Labour,Cunningham,https://www.theyworkforyou.com/mp/24742/alex_cunningham/stockton_north,Alex,#DC241f,E14000970,Alex Cunningham
10147,Coventry South,Labour,Cunningham,https://www.theyworkforyou.com/mp/10147/jim_cunningham/coventry_south,Jim,#DC241f,E14000651,Jim Cunningham
24798,Scunthorpe,Labour,Dakin,https://www.theyworkforyou.com/mp/24798/nicholas_dakin/scunthorpe,Nicholas,#DC241f,E14000914,Nicholas Dakin
10155,Kingston and Surbiton,Liberal Democrat,Davey,https://www.theyworkforyou.com/mp/10155/edward_davey/kingston_and_surbiton,Edward,#FDBB30,E14000770,James Berry
10842,Caerphilly,Labour,David,https://www.theyworkforyou.com/mp/10842/wayne_david/caerphilly,Wayne,#DC241f,W07000076,Wayne David
25282,Brecon and Radnorshire,Conservative,Davies,https://www.theyworkforyou.com/mp/25282/chris_davies/brecon_and_radnorshire,Chris,#0087DC,W07000068,Chris Davies
11719,Monmouth,Conservative,Davies,https://www.theyworkforyou.com/mp/11719/david_davies/monmouth,David,#0087DC,W07000054,David Davies
10159,Swansea West,Labour/Co-operative,Davies,https://www.theyworkforyou.com/mp/10159/geraint_davies/swansea_west,Geraint,#DC241f,W07000047,Geraint Davies
24739,Montgomeryshire,Conservative,Davies,https://www.theyworkforyou.com/mp/24739/glyn_davies/montgomeryshire,Glyn,#0087DC,W07000063,Glyn Davies
25330,Eastleigh,Conservative,Davies,https://www.theyworkforyou.com/mp/25330/mims_davies/eastleigh,Mims,#0087DC,E14000685,Mims Davies
11816,Shipley,Conservative,Davies,https://www.theyworkforyou.com/mp/11816/philip_davies/shipley,Philip,#0087DC,E14000925,Philip Davies
10162,Haltemprice and Howden,Conservative,Davis,https://www.theyworkforyou.com/mp/10162/david_davis/haltemprice_and_howden,David,#0087DC,E14000724,David Davis
25307,Linlithgow and East Falkirk,Scottish National Party,Day,https://www.theyworkforyou.com/mp/25307/martyn_day/linlithgow_and_east_falkirk,Martyn,#FFFF00,S14000043,Martyn Day
25620,Battersea,Labour,de Cordova,https://www.theyworkforyou.com/mp/25620/marsha_de_cordova/battersea,Marsha,#DC241f,E14000549,Jane Ellison
24811,Ashfield,Labour,De Piero,https://www.theyworkforyou.com/mp/24811/gloria_de_piero/ashfield,Gloria,#DC241f,E14000535,Gloria De Piero
25402,Bristol West,Labour,Debbonaire,https://www.theyworkforyou.com/mp/25402/thangam_debbonaire/bristol_west,Thangam,#DC241f,E14000602,Thangam Debbonaire
25706,Kensington,Labour,Dent Coad,https://www.theyworkforyou.com/mp/25706/emma_dent_coad/kensington,Emma,#DC241f,E14000768,Victoria Borwick
25695,Slough,Labour,Dhesi,https://www.theyworkforyou.com/mp/25695/tanmanjeet_singh_dhesi/slough,Tanmanjeet Singh,#DC241f,E14000930,Fiona Mactaggart
24873,Gosport,Conservative,Dinenage,https://www.theyworkforyou.com/mp/24873/caroline_dinenage/gosport,Caroline,#0087DC,E14000713,Caroline Dinenage
10854,Huntingdon,Conservative,Djanogly,https://www.theyworkforyou.com/mp/10854/jonathan_djanogly/huntingdon,Jonathan,#0087DC,E14000757,Jonathan Djanogly
25628,Aldershot,Conservative,Docherty,https://www.theyworkforyou.com/mp/25628/leo_docherty/aldershot,Leo,#0087DC,E14000530,Gerald Howarth
25275,West Dunbartonshire,Scottish National Party,Docherty,https://www.theyworkforyou.com/mp/25275/martin_docherty/west_dunbartonshire,Martin,#FFFF00,S14000059,Martin Docherty
25618,Oxford East,Labour/Co-operative,Dodds,https://www.theyworkforyou.com/mp/25618/anneliese_dodds/oxford_east,Anneliese,#DC241f,E14000873,Andrew Smith
10857,Belfast North,DUP,Dodds,https://www.theyworkforyou.com/mp/10857/nigel_dodds/belfast_north,Nigel,#D46A4C,N06000002,Nigel Dodds
10172,Lagan Valley,DUP,Donaldson,https://www.theyworkforyou.com/mp/10172/jeffrey_m._donaldson/lagan_valley,Jeffrey M.,#D46A4C,N06000009,Jeffrey M. Donaldson
25316,Chippenham,Conservative,Donelan,https://www.theyworkforyou.com/mp/25316/michelle_donelan/chippenham,Michelle,#0087DC,E14000635,Michelle Donelan
11397,Mid Bedfordshire,Conservative,Dorries,https://www.theyworkforyou.com/mp/11397/nadine_dorries/mid_bedfordshire,Nadine,#0087DC,E14000813,Nadine Dorries
25410,St Austell and Newquay,Conservative,Double,https://www.theyworkforyou.com/mp/25410/steve_double/st_austell_and_newquay,Steve,#0087DC,E14000961,Steve Double
25166,Cardiff South and Penarth,Labour/Co-operative,Doughty,https://www.theyworkforyou.com/mp/25166/stephen_doughty/cardiff_south_and_penarth,Stephen,#DC241f,W07000080,Stephen Doughty
25309,Bootle,Labour,Dowd,https://www.theyworkforyou.com/mp/25309/peter_dowd/bootle,Peter,#DC241f,E14000581,Peter Dowd
25323,Hertsmere,Conservative,Dowden,https://www.theyworkforyou.com/mp/25323/oliver_dowden/hertsmere,Oliver,#0087DC,E14000745,Oliver Dowden
24957,Thurrock,Conservative,Doyle-Price,https://www.theyworkforyou.com/mp/24957/jackie_doyle-price/thurrock,Jackie,#0087DC,E14000995,Jackie Doyle-Price
24903,South Dorset,Conservative,Drax,https://www.theyworkforyou.com/mp/24903/richard_drax/south_dorset,Richard,#0087DC,E14000936,Richard Drax
10177,Stroud,Labour/Co-operative,Drew,https://www.theyworkforyou.com/mp/10177/david_drew/stroud,David,#DC241f,E14000980,Neil Carmichael
24825,"Birmingham, Erdington",Labour,Dromey,https://www.theyworkforyou.com/mp/24825/jack_dromey/birmingham%2C_erdington,Jack,#DC241f,E14000561,Jack Dromey
11785,Rochford and Southend East,Conservative,Duddridge,https://www.theyworkforyou.com/mp/11785/james_duddridge/rochford_and_southend_east,James,#0087DC,E14000899,James Duddridge
25656,Canterbury,Labour,Duffield,https://www.theyworkforyou.com/mp/25656/rosie_duffield/canterbury,Rosie,#DC241f,E14000619,Julian Brazier
25664,Banff and Buchan,Conservative,Duguid,https://www.theyworkforyou.com/mp/25664/david_duguid/banff_and_buchan,David,#0087DC,S14000007,Eilidh Whiteford
10179,Rutland and Melton,Conservative,Duncan,https://www.theyworkforyou.com/mp/10179/alan_duncan/rutland_and_melton,Alan,#0087DC,E14000909,Alan Duncan
10180,Chingford and Woodford Green,Conservative,Duncan Smith,https://www.theyworkforyou.com/mp/10180/iain_duncan_smith/chingford_and_woodford_green,Iain,#0087DC,E14000634,Iain Duncan Smith
11696,Ludlow,Conservative,Dunne,https://www.theyworkforyou.com/mp/11696/philip_dunne/ludlow,Philip,#0087DC,E14000799,Philip Dunne
10182,Wallasey,Labour,Eagle,https://www.theyworkforyou.com/mp/10182/angela_eagle/wallasey,Angela,#DC241f,E14001010,Angela Eagle
10183,Garston and Halewood,Labour,Eagle,https://www.theyworkforyou.com/mp/10183/maria_eagle/garston_and_halewood,Maria,#DC241f,E14000708,Maria Eagle
24743,Carmarthen East and Dinefwr,Plaid Cymru,Edwards,https://www.theyworkforyou.com/mp/24743/jonathan_edwards/carmarthen_east_and_dinefwr,Jonathan,#008142,W07000067,Jonathan Edwards
10185,Eltham,Labour,Efford,https://www.theyworkforyou.com/mp/10185/clive_efford/eltham,Clive,#DC241f,E14000690,Clive Efford
24710,Sunderland Central,Labour,Elliott,https://www.theyworkforyou.com/mp/24710/julie_elliott/sunderland_central,Julie,#DC241f,E14000982,Julie Elliott
24866,Northampton North,Conservative,Ellis,https://www.theyworkforyou.com/mp/24866/michael_ellis/northampton_north,Michael,#0087DC,E14000861,Michael Ellis
10186,"Liverpool, Riverside",Labour/Co-operative,Ellman,https://www.theyworkforyou.com/mp/10186/louise_ellman/liverpool%2C_riverside,Louise,#DC241f,E14000793,Louise Ellman
11437,Bournemouth East,Conservative,Ellwood,https://www.theyworkforyou.com/mp/11437/tobias_ellwood/bournemouth_east,Tobias,#0087DC,E14000584,Tobias Ellwood
25490,Ogmore,Labour,Elmore,https://www.theyworkforyou.com/mp/25490/chris_elmore/ogmore,Chris,#DC241f,W07000074,Chris Elmore
24777,Dover,Conservative,Elphicke,https://www.theyworkforyou.com/mp/24777/charlie_elphicke/dover,Charlie,#0087DC,E14000670,Charlie Elphicke
24905,Sefton Central,Labour,Esterson,https://www.theyworkforyou.com/mp/24905/bill_esterson/sefton_central,Bill,#DC241f,E14000916,Bill Esterson
24933,Camborne and Redruth,Conservative,Eustice,https://www.theyworkforyou.com/mp/24933/george_eustice/camborne_and_redruth,George,#0087DC,E14000616,George Eustice
24721,Islwyn,Labour/Co-operative,Evans,https://www.theyworkforyou.com/mp/24721/chris_evans/islwyn,Chris,#DC241f,W07000077,Chris Evans
10190,Ribble Valley,Conservative,Evans,https://www.theyworkforyou.com/mp/10190/nigel_evans/ribble_valley,Nigel,#0087DC,E14000894,Nigel Evans
11408,Bexleyheath and Crayford,Conservative,Evennett,https://www.theyworkforyou.com/mp/11408/david_evennett/bexleyheath_and_crayford,David,#0087DC,E14000558,David Evennett
10193,Lichfield,Conservative,Fabricant,https://www.theyworkforyou.com/mp/10193/michael_fabricant/lichfield,Michael,#0087DC,E14000791,Michael Fabricant
10194,Sevenoaks,Conservative,Fallon,https://www.theyworkforyou.com/mp/10194/michael_fallon/sevenoaks,Michael,#0087DC,E14000918,Michael Fallon
10882,Newcastle-under-Lyme,Labour,Farrelly,https://www.theyworkforyou.com/mp/10882/paul_farrelly/newcastle-under-lyme,Paul,#DC241f,E14000834,Paul Farrelly
11923,Westmorland and Lonsdale,Liberal Democrat,Farron,https://www.theyworkforyou.com/mp/11923/tim_farron/westmorland_and_lonsdale,Tim,#FDBB30,E14001037,Tim Farron
25277,Motherwell and Wishaw,Scottish National Party,Fellows,https://www.theyworkforyou.com/mp/25277/marion_fellows/motherwell_and_wishaw,Marion,#FFFF00,S14000047,Marion Fellows
25272,Fareham,Conservative,Fernandes,https://www.theyworkforyou.com/mp/25272/suella_fernandes/fareham,Suella,#0087DC,E14000699,Suella Fernandes
10197,Birkenhead,Labour,Field,https://www.theyworkforyou.com/mp/10197/frank_field/birkenhead,Frank,#DC241f,E14000559,Frank Field
10884,Cities of London and Westminster,Conservative,Field,https://www.theyworkforyou.com/mp/10884/mark_field/cities_of_london_and_westminster,Mark,#0087DC,E14000639,Mark Field
10199,Poplar and Limehouse,Labour,Fitzpatrick,https://www.theyworkforyou.com/mp/10199/jim_fitzpatrick/poplar_and_limehouse,Jim,#DC241f,E14000882,Jim Fitzpatrick
25319,Coventry North East,Labour,Fletcher,https://www.theyworkforyou.com/mp/25319/colleen_fletcher/coventry_north_east,Colleen,#DC241f,E14000649,Colleen Fletcher
10202,Don Valley,Labour,Flint,https://www.theyworkforyou.com/mp/10202/caroline_flint/don_valley,Caroline,#DC241f,E14000667,Caroline Flint
10203,Newport West,Labour,Flynn,https://www.theyworkforyou.com/mp/10203/paul_flynn/newport_west,Paul,#DC241f,W07000056,Paul Flynn
25614,Chelmsford,Conservative,Ford,https://www.theyworkforyou.com/mp/25614/vicky_ford/chelmsford,Vicky,#0087DC,E14000628,Simon Burns
25338,Torbay,Conservative,Foster,https://www.theyworkforyou.com/mp/25338/kevin_foster/torbay,Kevin,#0087DC,E14000999,Kevin Foster
24805,Makerfield,Labour,Fovargue,https://www.theyworkforyou.com/mp/24805/yvonne_fovargue/makerfield,Yvonne,#DC241f,E14000805,Yvonne Fovargue
10213,North Somerset,Conservative,Fox,https://www.theyworkforyou.com/mp/10213/liam_fox/north_somerset,Liam,#0087DC,E14000850,Liam Fox
25380,"Lewisham, Deptford",Labour,Foxcroft,https://www.theyworkforyou.com/mp/25380/vicky_foxcroft/lewisham%2C_deptford,Vicky,#DC241f,E14000788,Vicky Foxcroft
10901,Rayleigh and Wickford,Conservative,Francois,https://www.theyworkforyou.com/mp/10901/mark_francois/rayleigh_and_wickford,Mark,#0087DC,E14000888,Mark Francois
25399,South East Cambridgeshire,Conservative,Frazer,https://www.theyworkforyou.com/mp/25399/lucy_frazer/south_east_cambridgeshire,Lucy,#0087DC,E14000937,Lucy Frazer
24817,Mid Norfolk,Conservative,Freeman,https://www.theyworkforyou.com/mp/24817/george_freeman/mid_norfolk,George,#0087DC,E14000816,George Freeman
24934,Finchley and Golders Green,Conservative,Freer,https://www.theyworkforyou.com/mp/24934/mike_freer/finchley_and_golders_green,Mike,#0087DC,E14000703,Mike Freer
25622,Bury North,Labour,Frith,https://www.theyworkforyou.com/mp/25622/james_frith/bury_north,James,#DC241f,E14000611,David Nuttall
25489,"Sheffield, Brightside and Hillsborough",Labour,Furniss,https://www.theyworkforyou.com/mp/25489/gill_furniss/sheffield%2C_brightside_and_hillsborough,Gill,#DC241f,E14000923,Gill Furniss
25384,Yeovil,Conservative,Fysh,https://www.theyworkforyou.com/mp/25384/marcus_fysh/yeovil,Marcus,#0087DC,E14001060,Marcus Fysh
25660,"Coatbridge, Chryston and Bellshill",Labour,Gaffney,https://www.theyworkforyou.com/mp/25660/hugh_gaffney/coatbridge%2C_chryston_and_bellshill,Hugh,#DC241f,S14000011,Phil Boswell
10217,North Thanet,Conservative,Gale,https://www.theyworkforyou.com/mp/10217/roger_gale/north_thanet,Roger,#0087DC,E14000852,Roger Gale
10219,Ilford South,Labour/Co-operative,Gapes,https://www.theyworkforyou.com/mp/10219/mike_gapes/ilford_south,Mike,#DC241f,E14000760,Mike Gapes
10220,Brent North,Labour,Gardiner,https://www.theyworkforyou.com/mp/10220/barry_gardiner/brent_north,Barry,#DC241f,E14000592,Barry Gardiner
24824,Wyre Forest,Conservative,Garnier,https://www.theyworkforyou.com/mp/24824/mark_garnier/wyre_forest,Mark,#0087DC,E14001058,Mark Garnier
11633,South West Hertfordshire,Conservative,Gauke,https://www.theyworkforyou.com/mp/11633/david_gauke/south_west_hertfordshire,David,#0087DC,E14000951,David Gauke
25633,High Peak,Labour,George,https://www.theyworkforyou.com/mp/25633/ruth_george/high_peak,Ruth,#DC241f,E14000748,Andrew Bingham
25324,North East Fife,Scottish National Party,Gethins,https://www.theyworkforyou.com/mp/25324/stephen_gethins/north_east_fife,Stephen,#FFFF00,S14000049,Stephen Gethins
25354,Wealden,Conservative,Ghani,https://www.theyworkforyou.com/mp/25354/nusrat_ghani/wealden,Nusrat,#0087DC,E14001023,Nusrat Ghani
10225,Bognor Regis and Littlehampton,Conservative,Gibb,https://www.theyworkforyou.com/mp/10225/nick_gibb/bognor_regis_and_littlehampton,Nick,#0087DC,E14000576,Nick Gibb
25300,North Ayrshire and Arran,Scottish National Party,Gibson,https://www.theyworkforyou.com/mp/25300/patricia_gibson/north_ayrshire_and_arran,Patricia,#FFFF00,S14000048,Patricia Gibson
10913,Fermanagh and South Tyrone,Sinn Féin,Gildernew,https://www.theyworkforyou.com/mp/10913/michelle_gildernew/fermanagh_and_south_tyrone,Michelle,#008800,N06000007,Tom Elliott
25666,"Birmingham, Edgbaston",Labour/Co-operative,Gill,https://www.theyworkforyou.com/mp/25666/preet_kaur_gill/birmingham%2C_edgbaston,Preet Kaur,#DC241f,E14000560,Gisela Stuart
10228,Chesham and Amersham,Conservative,Gillan,https://www.theyworkforyou.com/mp/10228/dame_cheryl_gillan/chesham_and_amersham,Cheryl,#0087DC,E14000631,Cheryl Gillan
25629,South Antrim,DUP,Girvan,https://www.theyworkforyou.com/mp/25629/paul_girvan/south_antrim,Paul,#D46A4C,N06000014,Danny Kinahan
24839,Salisbury,Conservative,Glen,https://www.theyworkforyou.com/mp/24839/john_glen/salisbury,John,#0087DC,E14000912,John Glen
24927,North Tyneside,Labour,Glindon,https://www.theyworkforyou.com/mp/24927/mary_glindon/north_tyneside,Mary,#DC241f,E14000853,Mary Glindon
10231,"Birmingham, Hall Green",Labour,Godsiff,https://www.theyworkforyou.com/mp/10231/roger_godsiff/birmingham%2C_hall_green,Roger,#DC241f,E14000562,Roger Godsiff
24911,Richmond Park,Conservative,Goldsmith,https://www.theyworkforyou.com/mp/24911/zac_goldsmith/richmond_park,Zac,#0087DC,E14000896,Sarah Olney
11421,Bishop Auckland,Labour,Goodman,https://www.theyworkforyou.com/mp/11421/helen_goodman/bishop_auckland,Helen,#DC241f,E14000569,Helen Goodman
11804,Scarborough and Whitby,Conservative,Goodwill,https://www.theyworkforyou.com/mp/11804/robert_goodwill/scarborough_and_whitby,Robert,#0087DC,E14000913,Robert Goodwill
11858,Surrey Heath,Conservative,Gove,https://www.theyworkforyou.com/mp/11858/michael_gove/surrey_heath,Michael,#0087DC,E14000983,Michael Gove
25299,Glasgow North,Scottish National Party,Grady,https://www.theyworkforyou.com/mp/25299/patrick_grady/glasgow_north,Patrick,#FFFF00,S14000031,Patrick Grady
25625,Ochil and South Perthshire,Conservative,Graham,https://www.theyworkforyou.com/mp/25625/luke_graham/ochil_and_south_perthshire,Luke,#0087DC,S14000050,Tasmina Ahmed-Sheikh
24921,Gloucester,Conservative,Graham,https://www.theyworkforyou.com/mp/24921/richard_graham/gloucester,Richard,#0087DC,E14000712,Richard Graham
25643,"Ayr, Carrick and Cumnock",Conservative,Grant,https://www.theyworkforyou.com/mp/25643/bill_grant/ayr%2C_carrick_and_cumnock,Bill,#0087DC,S14000006,Corri Wilson
24796,Maidstone and The Weald,Conservative,Grant,https://www.theyworkforyou.com/mp/24796/helen_grant/maidstone_and_the_weald,Helen,#0087DC,E14000804,Helen Grant
25273,Glenrothes,Scottish National Party,Grant,https://www.theyworkforyou.com/mp/25273/peter_grant/glenrothes,Peter,#FFFF00,S14000036,Peter Grant
10240,North Wiltshire,Conservative,Gray,https://www.theyworkforyou.com/mp/10240/james_gray/north_wiltshire,James,#0087DC,E14000860,James Gray
25293,Airdrie and Shotts,Scottish National Party,Gray,https://www.theyworkforyou.com/mp/25293/neil_gray/airdrie_and_shotts,Neil,#FFFF00,S14000003,Neil Gray
10920,Epsom and Ewell,Conservative,Grayling,https://www.theyworkforyou.com/mp/10920/chris_grayling/epsom_and_ewell,Chris,#0087DC,E14000694,Chris Grayling
25359,Bolton West,Conservative,Green,https://www.theyworkforyou.com/mp/25359/chris_green/bolton_west,Chris,#0087DC,E14000580,Chris Green
10241,Ashford,Conservative,Green,https://www.theyworkforyou.com/mp/10241/damian_green/ashford,Damian,#0087DC,E14000536,Damian Green
24896,Stretford and Urmston,Labour,Green,https://www.theyworkforyou.com/mp/24896/kate_green/stretford_and_urmston,Kate,#DC241f,E14000979,Kate Green
11771,Putney,Conservative,Greening,https://www.theyworkforyou.com/mp/11771/justine_greening/putney,Justine,#0087DC,E14000887,Justine Greening
24774,Nottingham South,Labour,Greenwood,https://www.theyworkforyou.com/mp/24774/lilian_greenwood/nottingham_south,Lilian,#DC241f,E14000867,Lilian Greenwood
25349,Wirral West,Labour,Greenwood,https://www.theyworkforyou.com/mp/25349/margaret_greenwood/wirral_west,Margaret,#DC241f,E14001044,Margaret Greenwood
10243,Beaconsfield,Conservative,Grieve,https://www.theyworkforyou.com/mp/10243/dominic_grieve/beaconsfield,Dominic,#0087DC,E14000550,Dominic Grieve
11692,Llanelli,Labour,Griffith,https://www.theyworkforyou.com/mp/11692/nia_griffith/llanelli,Nia,#DC241f,W07000045,Nia Griffith
24826,Burton,Conservative,Griffiths,https://www.theyworkforyou.com/mp/24826/andrew_griffiths/burton,Andrew,#0087DC,E14000610,Andrew Griffiths
10248,Keighley,Labour,Grogan,https://www.theyworkforyou.com/mp/10248/john_grogan/keighley,John,#DC241f,E14000766,Kris Hopkins
11531,Denton and Reddish,Labour,Gwynne,https://www.theyworkforyou.com/mp/11531/andrew_gwynne/denton_and_reddish,Andrew,#DC241f,E14000661,Andrew Gwynne
24789,East Surrey,Conservative,Gyimah,https://www.theyworkforyou.com/mp/24789/sam_gyimah/east_surrey,Sam,#0087DC,E14000681,Sam Gyimah
25357,"Sheffield, Heeley",Labour,Haigh,https://www.theyworkforyou.com/mp/25357/louise_haigh/sheffield%2C_heeley,Louise,#DC241f,E14000920,Louise Haigh
25616,Angus,Conservative,Hair,https://www.theyworkforyou.com/mp/25616/kirstene_hair/angus,Kirstene,#0087DC,S14000004,Michael Weir
24784,Harlow,Conservative,Halfon,https://www.theyworkforyou.com/mp/24784/robert_halfon/harlow,Robert,#0087DC,E14000729,Robert Halfon
25373,Thornbury and Yate,Conservative,Hall,https://www.theyworkforyou.com/mp/25373/luke_hall/thornbury_and_yate,Luke,#0087DC,E14000994,Luke Hall
10256,Leeds North East,Labour,Hamilton,https://www.theyworkforyou.com/mp/10256/fabian_hamilton/leeds_north_east,Fabian,#DC241f,E14000779,Fabian Hamilton
10257,Runnymede and Weybridge,Conservative,Hammond,https://www.theyworkforyou.com/mp/10257/philip_hammond/runnymede_and_weybridge,Philip,#0087DC,E14000907,Philip Hammond
11927,Wimbledon,Conservative,Hammond,https://www.theyworkforyou.com/mp/11927/stephen_hammond/wimbledon,Stephen,#0087DC,E14001040,Stephen Hammond
24773,West Suffolk,Conservative,Hancock,https://www.theyworkforyou.com/mp/24773/matthew_hancock/west_suffolk,Matthew,#0087DC,E14001034,Matthew Hancock
11610,Chelsea and Fulham,Conservative,Hands,https://www.theyworkforyou.com/mp/11610/greg_hands/chelsea_and_fulham,Greg,#0087DC,E14000629,Greg Hands
10259,Delyn,Labour,Hanson,https://www.theyworkforyou.com/mp/10259/david_hanson/delyn,David,#DC241f,W07000042,David Hanson
25646,Kingston upon Hull West and Hessle,Labour,Hardy,https://www.theyworkforyou.com/mp/25646/emma_hardy/kingston_upon_hull_west_and_hessle,Emma,#DC241f,E14000773,Alan Johnson
10260,Camberwell and Peckham,Labour,Harman,https://www.theyworkforyou.com/mp/10260/harriet_harman/camberwell_and_peckham,Harriet,#DC241f,E14000615,Harriet Harman
11588,Forest of Dean,Conservative,Harper,https://www.theyworkforyou.com/mp/11588/mark_harper/forest_of_dean,Mark,#0087DC,E14000705,Mark Harper
24954,Watford,Conservative,Harrington,https://www.theyworkforyou.com/mp/24954/richard_harrington/watford,Richard,#0087DC,E14001021,Richard Harrington
25308,Swansea East,Labour,Harris,https://www.theyworkforyou.com/mp/25308/carolyn_harris/swansea_east,Carolyn,#DC241f,W07000048,Carolyn Harris
24731,Castle Point,Conservative,Harris,https://www.theyworkforyou.com/mp/24731/rebecca_harris/castle_point,Rebecca,#0087DC,E14000622,Rebecca Harris
25600,Copeland,Conservative,Harrison,https://www.theyworkforyou.com/mp/25600/trudy_harrison/copeland,Trudy,#0087DC,E14000647,Trudy Harrison
24813,Carmarthen West and South Pembrokeshire,Conservative,Hart,https://www.theyworkforyou.com/mp/24813/simon_hart/carmarthen_west_and_south_pembrokeshire,Simon,#0087DC,W07000066,Simon Hart
25310,Dulwich and West Norwood,Labour,Hayes,https://www.theyworkforyou.com/mp/25310/helen_hayes/dulwich_and_west_norwood,Helen,#DC241f,E14000673,Helen Hayes
10265,South Holland and The Deepings,Conservative,Hayes,https://www.theyworkforyou.com/mp/10265/john_hayes/south_holland_and_the_deepings,John,#0087DC,E14000939,John Hayes
25358,Workington,Labour,Hayman,https://www.theyworkforyou.com/mp/25358/sue_hayman/workington,Sue,#DC241f,E14001053,Sue Hayman
25154,South Down,Sinn Féin,Hazzard,https://www.theyworkforyou.com/mp/25154/christopher_hazzard/south_down,Christopher,#008800,N06000015,Margaret Ritchie
10267,North East Hertfordshire,Conservative,Heald,https://www.theyworkforyou.com/mp/10267/oliver_heald/north_east_hertfordshire,Oliver,#0087DC,E14000845,Oliver Heald
10268,Wentworth and Dearne,Labour,Healey,https://www.theyworkforyou.com/mp/10268/john_healey/wentworth_and_dearne,John,#DC241f,E14001028,John Healey
25438,Wells,Conservative,Heappey,https://www.theyworkforyou.com/mp/25438/james_heappey/wells,James,#0087DC,E14001026,James Heappey
24841,Daventry,Conservative,Heaton-Harris,https://www.theyworkforyou.com/mp/24841/chris_heaton-harris/daventry,Chris,#0087DC,E14000660,Chris Heaton-Harris
25412,North Devon,Conservative,Heaton-Jones,https://www.theyworkforyou.com/mp/25412/peter_heaton-jones/north_devon,Peter,#0087DC,E14000838,Peter Heaton-Jones
24828,Sittingbourne and Sheppey,Conservative,Henderson,https://www.theyworkforyou.com/mp/24828/gordon_henderson/sittingbourne_and_sheppey,Gordon,#0087DC,E14000927,Gordon Henderson
10682,Preston,Labour/Co-operative,Hendrick,https://www.theyworkforyou.com/mp/10682/mark_hendrick/preston,Mark,#DC241f,E14000885,Mark Hendrick
25382,"Inverness, Nairn, Badenoch and Strathspey",Scottish National Party,Hendry,https://www.theyworkforyou.com/mp/25382/drew_hendry/inverness%2C_nairn%2C_badenoch_and_strathspey,Drew,#FFFF00,S14000039,Drew Hendry
10274,Jarrow,Labour,Hepburn,https://www.theyworkforyou.com/mp/10274/stephen_hepburn/jarrow,Stephen,#DC241f,E14000765,Stephen Hepburn
11377,Arundel and South Downs,Conservative,Herbert,https://www.theyworkforyou.com/mp/11377/nick_herbert/arundel_and_south_downs,Nick,#0087DC,E14000534,Nick Herbert
10958,North Down,Independent,Hermon,https://www.theyworkforyou.com/mp/10958/sylvia_hermon/north_down,Sylvia,#DDDDDD,N06000013,Sylvia Hermon
25619,Hartlepool,Labour,Hill,https://www.theyworkforyou.com/mp/25619/mike_hill/hartlepool,Mike,#DC241f,E14000733,Iain Wright
11605,Hackney South and Shoreditch,Labour/Co-operative,Hillier,https://www.theyworkforyou.com/mp/11605/meg_hillier/hackney_south_and_shoreditch,Meg,#DC241f,E14000721,Meg Hillier
24782,East Hampshire,Conservative,Hinds,https://www.theyworkforyou.com/mp/24782/damian_hinds/east_hampshire,Damian,#0087DC,E14000680,Damian Hinds
25427,North Dorset,Conservative,Hoare,https://www.theyworkforyou.com/mp/25427/simon_hoare/north_dorset,Simon,#0087DC,E14000839,Simon Hoare
25648,Bath,Liberal Democrat,Hobhouse,https://www.theyworkforyou.com/mp/25648/wera_hobhouse/bath,Wera,#FDBB30,E14000547,Ben Howlett
10281,Barking,Labour,Hodge,https://www.theyworkforyou.com/mp/10281/margaret_hodge/barking,Margaret,#DC241f,E14000540,Margaret Hodge
11592,Washington and Sunderland West,Labour,Hodgson,https://www.theyworkforyou.com/mp/11592/sharon_hodgson/washington_and_sunderland_west,Sharon,#DC241f,E14001020,Sharon Hodgson
10282,Vauxhall,Labour,Hoey,https://www.theyworkforyou.com/mp/10282/kate_hoey/vauxhall,Kate,#DC241f,E14001008,Kate Hoey
25298,Blackburn,Labour,Hollern,https://www.theyworkforyou.com/mp/25298/kate_hollern/blackburn,Kate,#DC241f,E14000570,Kate Hollern
24936,Meon Valley,Conservative,Hollingbery,https://www.theyworkforyou.com/mp/24936/george_hollingbery/meon_valley,George,#0087DC,E14000811,George Hollingbery
25415,Thirsk and Malton,Conservative,Hollinrake,https://www.theyworkforyou.com/mp/25415/kevin_hollinrake/thirsk_and_malton,Kevin,#0087DC,E14000993,Kevin Hollinrake
11661,Kettering,Conservative,Hollobone,https://www.theyworkforyou.com/mp/11661/philip_hollobone/kettering,Philip,#0087DC,E14000769,Philip Hollobone
11599,Gravesham,Conservative,Holloway,https://www.theyworkforyou.com/mp/11599/adam_holloway/gravesham,Adam,#0087DC,E14000715,Adam Holloway
10288,Luton North,Labour,Hopkins,https://www.theyworkforyou.com/mp/10288/kelvin_hopkins/luton_north,Kelvin,#DC241f,E14000800,Kelvin Hopkins
11973,Dundee East,Scottish National Party,Hosie,https://www.theyworkforyou.com/mp/11973/stewart_hosie/dundee_east,Stewart,#FFFF00,S14000015,Stewart Hosie
10292,Knowsley,Labour,Howarth,https://www.theyworkforyou.com/mp/10292/george_howarth/knowsley,George,#DC241f,E14000775,George Howarth
14131,Henley,Conservative,Howell,https://www.theyworkforyou.com/mp/14131/john_howell/henley,John,#0087DC,E14000742,John Howell
10295,Chorley,Labour,Hoyle,https://www.theyworkforyou.com/mp/10295/lindsay_hoyle/chorley,Lindsay,#DC241f,E14000637,Lindsay Hoyle
25381,Mid Worcestershire,Conservative,Huddleston,https://www.theyworkforyou.com/mp/25381/nigel_huddleston/mid_worcestershire,Nigel,#0087DC,E14000818,Nigel Huddleston
25699,Walsall North,Conservative,Hughes,https://www.theyworkforyou.com/mp/25699/eddie_hughes/walsall_north,Eddie,#0087DC,E14001011,David Winnick
11859,South West Surrey,Conservative,Hunt,https://www.theyworkforyou.com/mp/11859/jeremy_hunt/south_west_surrey,Jeremy,#0087DC,E14000953,Jeremy Hunt
25284,Ealing Central and Acton,Labour,Huq,https://www.theyworkforyou.com/mp/25284/rupa_huq/ealing_central_and_acton,Rupa,#DC241f,E14000676,Rupa Huq
11792,"Ruislip, Northwood and Pinner",Conservative,Hurd,https://www.theyworkforyou.com/mp/11792/nick_hurd/ruislip%2C_northwood_and_pinner,Nick,#0087DC,E14000906,Nick Hurd
25375,Bradford East,Labour,Hussain,https://www.theyworkforyou.com/mp/25375/imran_hussain/bradford_east,Imran,#DC241f,E14000587,Imran Hussain
25674,Dumfries and Galloway,Conservative,Jack,https://www.theyworkforyou.com/mp/25674/alister_jack/dumfries_and_galloway,Alister,#0087DC,S14000013,Richard Arkless
24876,Stourbridge,Conservative,James,https://www.theyworkforyou.com/mp/24876/margot_james/stourbridge,Margot,#0087DC,E14000976,Margot James
25675,Edinburgh West,Liberal Democrat,Jardine,https://www.theyworkforyou.com/mp/25675/christine_jardine/edinburgh_west,Christine,#FDBB30,S14000026,Michelle Thomson
25067,Barnsley Central,Labour,Jarvis,https://www.theyworkforyou.com/mp/25067/dan_jarvis/barnsley_central,Dan,#DC241f,E14000541,Dan Jarvis
24854,Bromsgrove,Conservative,Javid,https://www.theyworkforyou.com/mp/24854/sajid_javid/bromsgrove,Sajid,#0087DC,E14000605,Sajid Javid
25419,North East Hampshire,Conservative,Jayawardena,https://www.theyworkforyou.com/mp/25419/ranil_jayawardena/north_east_hampshire,Ranil,#0087DC,E14000844,Ranil Jayawardena
10312,Harwich and North Essex,Conservative,Jenkin,https://www.theyworkforyou.com/mp/10312/bernard_jenkin/harwich_and_north_essex,Bernard,#0087DC,E14000734,Bernard Jenkin
25431,Morley and Outwood,Conservative,Jenkyns,https://www.theyworkforyou.com/mp/25431/andrea_jenkyns/morley_and_outwood,Andrea,#0087DC,E14000826,Andrea Jenkyns
25227,Newark,Conservative,Jenrick,https://www.theyworkforyou.com/mp/25227/robert_jenrick/newark,Robert,#0087DC,E14000829,Robert Jenrick
10999,Uxbridge and South Ruislip,Conservative,Johnson,https://www.theyworkforyou.com/mp/10999/boris_johnson/uxbridge_and_south_ruislip,Boris,#0087DC,E14001007,Boris Johnson
25597,Sleaford and North Hykeham,Conservative,Johnson,https://www.theyworkforyou.com/mp/25597/dr_caroline_johnson/sleaford_and_north_hykeham,Caroline,#0087DC,E14000929,Caroline Johnson
11647,Kingston upon Hull North,Labour,Johnson,https://www.theyworkforyou.com/mp/11647/diana_r._johnson/kingston_upon_hull_north,Diana R.,#DC241f,E14000772,Diana R. Johnson
24803,Dartford,Conservative,Johnson,https://www.theyworkforyou.com/mp/24803/gareth_johnson/dartford,Gareth,#0087DC,E14000659,Gareth Johnson
24895,Orpington,Conservative,Johnson,https://www.theyworkforyou.com/mp/24895/jo_johnson/orpington,Jo,#0087DC,E14000872,Jo Johnson
24758,Harrogate and Knaresborough,Conservative,Jones,https://www.theyworkforyou.com/mp/24758/andrew_jones/harrogate_and_knaresborough,Andrew,#0087DC,E14000730,Andrew Jones
25637,Bristol North West,Labour,Jones,https://www.theyworkforyou.com/mp/25637/darren_jones/bristol_north_west,Darren,#DC241f,E14000600,Charlotte Leslie
11506,Clwyd West,Conservative,Jones,https://www.theyworkforyou.com/mp/11506/david_jones/clwyd_west,David,#0087DC,W07000059,David Jones
25289,Merthyr Tydfil and Rhymney,Labour,Jones,https://www.theyworkforyou.com/mp/25289/gerald_jones/merthyr_tydfil_and_rhymney,Gerald,#DC241f,W07000071,Gerald Jones
24835,Hyndburn,Labour,Jones,https://www.theyworkforyou.com/mp/24835/graham_jones/hyndburn,Graham,#DC241f,E14000758,Graham Jones
10319,Warrington North,Labour,Jones,https://www.theyworkforyou.com/mp/10319/helen_jones/warrington_north,Helen,#DC241f,E14001017,Helen Jones
11003,North Durham,Labour,Jones,https://www.theyworkforyou.com/mp/11003/kevan_jones/north_durham,Kevan,#DC241f,E14000840,Kevan Jones
24745,Nuneaton,Conservative,Jones,https://www.theyworkforyou.com/mp/24745/marcus_jones/nuneaton,Marcus,#0087DC,E14000868,Marcus Jones
25673,Croydon Central,Labour,Jones,https://www.theyworkforyou.com/mp/25673/sarah_jones/croydon_central,Sarah,#DC241f,E14000654,Gavin Barwell
24720,Clwyd South,Labour,Jones,https://www.theyworkforyou.com/mp/24720/susan_elan_jones/clwyd_south,Susan Elan,#DC241f,W07000062,Susan Elan Jones
25220,Wythenshawe and Sale East,Labour,Kane,https://www.theyworkforyou.com/mp/25220/mike_kane/wythenshawe_and_sale_east,Mike,#DC241f,E14001059,Mike Kane
11817,Shrewsbury and Atcham,Conservative,Kawczynski,https://www.theyworkforyou.com/mp/11817/daniel_kawczynski/shrewsbury_and_atcham,Daniel,#0087DC,E14000926,Daniel Kawczynski
25670,Chichester,Conservative,Keegan,https://www.theyworkforyou.com/mp/25670/gillian_keegan/chichester,Gillian,#0087DC,E14000633,Andrew Tyrie
11943,Worsley and Eccles South,Labour,Keeley,https://www.theyworkforyou.com/mp/11943/barbara_keeley/worsley_and_eccles_south,Barbara,#DC241f,E14001054,Barbara Keeley
24816,Leicester West,Labour,Kendall,https://www.theyworkforyou.com/mp/24816/liz_kendall/leicester_west,Liz,#DC241f,E14000784,Liz Kendall
25389,South Ribble,Conservative,Kennedy,https://www.theyworkforyou.com/mp/25389/seema_kennedy/south_ribble,Seema,#0087DC,E14000943,Seema Kennedy
25696,Stirling,Conservative,Kerr,https://www.theyworkforyou.com/mp/25696/stephen_kerr/stirling,Stephen,#0087DC,S14000057,Steven Paterson
25612,Rutherglen and Hamilton West,Labour/Co-operative,Killen,https://www.theyworkforyou.com/mp/25612/gerard_killen/rutherglen_and_hamilton_west,Gerard,#DC241f,S14000056,Margaret Ferrier
25297,Aberavon,Labour,Kinnock,https://www.theyworkforyou.com/mp/25297/stephen_kinnock/aberavon,Stephen,#DC241f,W07000049,Stephen Kinnock
11026,East Yorkshire,Conservative,Knight,https://www.theyworkforyou.com/mp/11026/greg_knight/east_yorkshire,Greg,#0087DC,E14000683,Greg Knight
25388,Solihull,Conservative,Knight,https://www.theyworkforyou.com/mp/25388/julian_knight/solihull,Julian,#0087DC,E14000931,Julian Knight
24770,Spelthorne,Conservative,Kwarteng,https://www.theyworkforyou.com/mp/24770/kwasi_kwarteng/spelthorne,Kwasi,#0087DC,E14000959,Kwasi Kwarteng
25418,Hove,Labour,Kyle,https://www.theyworkforyou.com/mp/25418/peter_kyle/hove,Peter,#DC241f,E14000755,Peter Kyle
10348,Epping Forest,Conservative,Laing,https://www.theyworkforyou.com/mp/10348/eleanor_laing/epping_forest,Eleanor,#0087DC,E14000693,Eleanor Laing
25653,Kirkcaldy and Cowdenbeath,Labour,Laird,https://www.theyworkforyou.com/mp/25653/lesley_laird/kirkcaldy_and_cowdenbeath,Lesley,#DC241f,S14000041,Roger Mullin
25669,Ceredigion,Plaid Cymru,Lake,https://www.theyworkforyou.com/mp/25669/ben_lake/ceredigion,Ben,#008142,W07000064,Mark Williams
11032,North Norfolk,Liberal Democrat,Lamb,https://www.theyworkforyou.com/mp/11032/norman_lamb/north_norfolk,Norman,#FDBB30,E14000848,Norman Lamb
10678,Tottenham,Labour,Lammy,https://www.theyworkforyou.com/mp/10678/david_lammy/tottenham,David,#DC241f,E14001002,David Lammy
14026,"Berwickshire, Roxburgh and Selkirk",Conservative,Lamont,https://www.theyworkforyou.com/mp/14026/john_lamont/berwickshire%2C_roxburgh_and_selkirk,John,#0087DC,S14000008,Calum Kerr
11715,Milton Keynes North,Conservative,Lancaster,https://www.theyworkforyou.com/mp/11715/mark_lancaster/milton_keynes_north,Mark,#0087DC,E14000821,Mark Lancaster
24821,Mid Derbyshire,Conservative,Latham,https://www.theyworkforyou.com/mp/24821/pauline_latham/mid_derbyshire,Pauline,#0087DC,E14000814,Pauline Latham
24963,Wansbeck,Labour,Lavery,https://www.theyworkforyou.com/mp/24963/ian_lavery/wansbeck,Ian,#DC241f,E14001014,Ian Lavery
25270,Dundee West,Scottish National Party,Law,https://www.theyworkforyou.com/mp/25270/chris_law/dundee_west,Chris,#FFFF00,S14000016,Chris Law
24829,South Northamptonshire,Conservative,Leadsom,https://www.theyworkforyou.com/mp/24829/andrea_leadsom/south_northamptonshire,Andrea,#0087DC,E14000942,Andrea Leadsom
25682,Lincoln,Labour,Lee,https://www.theyworkforyou.com/mp/25682/karen_lee/lincoln,Karen,#DC241f,E14000792,Karl McCartney
24765,Bracknell,Conservative,Lee,https://www.theyworkforyou.com/mp/24765/phillip_lee/bracknell,Phillip,#0087DC,E14000586,Phillip Lee
24760,Stafford,Conservative,Lefroy,https://www.theyworkforyou.com/mp/24760/jeremy_lefroy/stafford,Jeremy,#0087DC,E14000965,Jeremy Lefroy
10352,Gainsborough,Conservative,Leigh,https://www.theyworkforyou.com/mp/10352/edward_leigh/gainsborough,Edward,#0087DC,E14000707,Edward Leigh
10354,Nottingham East,Labour/Co-operative,Leslie,https://www.theyworkforyou.com/mp/10354/chris_leslie/nottingham_east,Chris,#DC241f,E14000865,Chris Leslie
10355,West Dorset,Conservative,Letwin,https://www.theyworkforyou.com/mp/10355/oliver_letwin/west_dorset,Oliver,#0087DC,E14001031,Oliver Letwin
25181,South Shields,Labour,Lewell-Buck,https://www.theyworkforyou.com/mp/25181/emma_lewell-buck/south_shields,Emma,#DC241f,E14000944,Emma Lewell-Buck
25686,Northampton South,Conservative,Lewer,https://www.theyworkforyou.com/mp/25686/andrew_lewer/northampton_south,Andrew,#0087DC,E14000862,David Mackintosh
24879,Great Yarmouth,Conservative,Lewis,https://www.theyworkforyou.com/mp/24879/brandon_lewis/great_yarmouth,Brandon,#0087DC,E14000717,Brandon Lewis
25356,Norwich South,Labour,Lewis,https://www.theyworkforyou.com/mp/25356/clive_lewis/norwich_south,Clive,#DC241f,E14000864,Clive Lewis
10357,Bury South,Labour,Lewis,https://www.theyworkforyou.com/mp/10357/ivan_lewis/bury_south,Ivan,#DC241f,E14000612,Ivan Lewis
10358,New Forest East,Conservative,Lewis,https://www.theyworkforyou.com/mp/10358/julian_lewis/new_forest_east,Julian,#0087DC,E14000827,Julian Lewis
11048,Bridgwater and West Somerset,Conservative,Liddell-Grainger,https://www.theyworkforyou.com/mp/11048/ian_liddell-grainger/bridgwater_and_west_somerset,Ian,#0087DC,E14000595,Ian Liddell-Grainger
10361,Aylesbury,Conservative,Lidington,https://www.theyworkforyou.com/mp/10361/david_lidington/aylesbury,David,#0087DC,E14000538,David Lidington
25677,Glasgow East,Scottish National Party,Linden,https://www.theyworkforyou.com/mp/25677/david_linden/glasgow_east,David,#FFFF00,S14000030,Natalie McGarry
25452,Belfast South,DUP,Little Pengelly,https://www.theyworkforyou.com/mp/25452/emma_little_pengelly/belfast_south,Emma,#D46A4C,N06000003,Alasdair McDonnell
24754,Eastbourne,Liberal Democrat,Lloyd,https://www.theyworkforyou.com/mp/24754/stephen_lloyd/eastbourne,Stephen,#FDBB30,E14000684,Caroline Ansell
10367,Rochdale,Labour,Lloyd,https://www.theyworkforyou.com/mp/10367/tony_lloyd/rochdale,Tony,#DC241f,E14000897,Simon Danczuk
25368,Salford and Eccles,Labour,Long-Bailey,https://www.theyworkforyou.com/mp/25368/rebecca_long-bailey/salford_and_eccles,Rebecca,#DC241f,E14000911,Rebecca Long-Bailey
25652,Hornchurch and Upminster,Conservative,Lopez,https://www.theyworkforyou.com/mp/25652/julia_lopez/hornchurch_and_upminster,Julia,#0087DC,E14000751,Angela Watkinson
24716,Filton and Bradley Stoke,Conservative,Lopresti,https://www.theyworkforyou.com/mp/24716/jack_lopresti/filton_and_bradley_stoke,Jack,#0087DC,E14000702,Jack Lopresti
24884,Woking,Conservative,Lord,https://www.theyworkforyou.com/mp/24884/jonathan_lord/woking,Jonathan,#0087DC,E14001047,Jonathan Lord
10371,East Worthing and Shoreham,Conservative,Loughton,https://www.theyworkforyou.com/mp/10371/tim_loughton/east_worthing_and_shoreham,Tim,#0087DC,E14000682,Tim Loughton
24910,"Brighton, Pavilion",Green,Lucas,https://www.theyworkforyou.com/mp/24910/caroline_lucas/brighton%2C_pavilion,Caroline,#6AB023,E14000598,Caroline Lucas
11057,Wrexham,Labour,Lucas,https://www.theyworkforyou.com/mp/11057/ian_lucas/wrexham,Ian,#DC241f,W07000044,Ian Lucas
25434,Halifax,Labour,Lynch,https://www.theyworkforyou.com/mp/25434/holly_lynch/halifax,Holly,#DC241f,E14000723,Holly Lynch
25437,South Thanet,Conservative,Mackinlay,https://www.theyworkforyou.com/mp/25437/craig_mackinlay/south_thanet,Craig,#0087DC,E14000948,Craig Mackinlay
25692,Redditch,Conservative,Maclean,https://www.theyworkforyou.com/mp/25692/rachel_maclean/redditch,Rachel,#0087DC,E14000892,Karen Lumley
12004,Na h-Eileanan an Iar,Scottish National Party,MacNeil,https://www.theyworkforyou.com/mp/12004/angus_macneil/na_h-eileanan_an_iar,Angus,#FFFF00,S14000027,Angus MacNeil
25378,Ellesmere Port and Neston,Labour,Madders,https://www.theyworkforyou.com/mp/25378/justin_madders/ellesmere_port_and_neston,Justin,#DC241f,E14000688,Justin Madders
11087,"Birmingham, Perry Barr",Labour,Mahmood,https://www.theyworkforyou.com/mp/11087/khalid_mahmood/birmingham%2C_perry_barr,Khalid,#DC241f,E14000566,Khalid Mahmood
24788,"Birmingham, Ladywood",Labour,Mahmood,https://www.theyworkforyou.com/mp/24788/shabana_mahmood/birmingham%2C_ladywood,Shabana,#DC241f,E14000564,Shabana Mahmood
11798,St Albans,Conservative,Main,https://www.theyworkforyou.com/mp/11798/anne_main/st_albans,Anne,#0087DC,E14000960,Anne Main
25285,Havant,Conservative,Mak,https://www.theyworkforyou.com/mp/25285/alan_mak/havant,Alan,#0087DC,E14000736,Alan Mak
25150,Feltham and Heston,Labour/Co-operative,Malhotra,https://www.theyworkforyou.com/mp/25150/seema_malhotra/feltham_and_heston,Seema,#DC241f,E14000701,Seema Malhotra
25346,North West Hampshire,Conservative,Malthouse,https://www.theyworkforyou.com/mp/25346/kit_malthouse/north_west_hampshire,Kit,#0087DC,E14000857,Kit Malthouse
11093,Bassetlaw,Labour,Mann,https://www.theyworkforyou.com/mp/11093/john_mann/bassetlaw,John,#DC241f,E14000546,John Mann
25383,North Cornwall,Conservative,Mann,https://www.theyworkforyou.com/mp/25383/scott_mann/north_cornwall,Scott,#0087DC,E14000837,Scott Mann
10415,Blackpool South,Labour,Marsden,https://www.theyworkforyou.com/mp/10415/gordon_marsden/blackpool_south,Gordon,#DC241f,E14000573,Gordon Marsden
25635,Ipswich,Labour,Martin,https://www.theyworkforyou.com/mp/25635/sandy_martin/ipswich,Sandy,#DC241f,E14000761,Ben Gummer
25433,York Central,Labour/Co-operative,Maskell,https://www.theyworkforyou.com/mp/25433/rachael_maskell/york_central,Rachael,#DC241f,E14001061,Rachael Maskell
13904,Belfast West,Sinn Féin,Maskey,https://www.theyworkforyou.com/mp/13904/paul_maskey/belfast_west,Paul,#008800,N06000004,Paul Maskey
25654,East Renfrewshire,Conservative,Masterton,https://www.theyworkforyou.com/mp/25654/paul_masterton/east_renfrewshire,Paul,#0087DC,S14000021,Kirsten Oswald
25411,City of Chester,Labour,Matheson,https://www.theyworkforyou.com/mp/25411/chris_matheson/city_of_chester,Chris,#DC241f,E14000640,Chris Matheson
10426,Maidenhead,Conservative,May,https://www.theyworkforyou.com/mp/10426/theresa_may/maidenhead,Theresa,#0087DC,E14000803,Theresa May
24764,Blackpool North and Cleveleys,Conservative,Maynard,https://www.theyworkforyou.com/mp/24764/paul_maynard/blackpool_north_and_cleveleys,Paul,#0087DC,E14000572,Paul Maynard
10377,"Birmingham, Selly Oak",Labour,McCabe,https://www.theyworkforyou.com/mp/10377/steve_mccabe/birmingham%2C_selly_oak,Steve,#DC241f,E14000567,Steve McCabe
25604,Foyle,Sinn Féin,McCallion,https://www.theyworkforyou.com/mp/25604/elisha_mccallion/foyle,Elisha,#008800,N06000008,Mark Durkan
11455,Bristol East,Labour,McCarthy,https://www.theyworkforyou.com/mp/11455/kerry_mccarthy/bristol_east,Kerry,#DC241f,E14000599,Kerry McCarthy
10381,Mitcham and Morden,Labour,McDonagh,https://www.theyworkforyou.com/mp/10381/siobhain_mcdonagh/mitcham_and_morden,Siobhain,#DC241f,E14000823,Siobhain McDonagh
25169,Middlesbrough,Labour,McDonald,https://www.theyworkforyou.com/mp/25169/andy_mcdonald/middlesbrough,Andy,#DC241f,E14000819,Andy McDonald
25322,Glasgow South,Scottish National Party,McDonald,https://www.theyworkforyou.com/mp/25322/stewart_mcdonald/glasgow_south,Stewart,#FFFF00,S14000034,Stewart McDonald
25301,"Cumbernauld, Kilsyth and Kirkintilloch East",Scottish National Party,McDonald,https://www.theyworkforyou.com/mp/25301/stuart_mcdonald/cumbernauld%2C_kilsyth_and_kirkintilloch_east,Stuart,#FFFF00,S14000012,Stuart McDonald
10383,Hayes and Harlington,Labour,McDonnell,https://www.theyworkforyou.com/mp/10383/john_martin_mcdonnell/hayes_and_harlington,John Martin,#DC241f,E14000737,John Martin McDonnell
11936,Wolverhampton South East,Labour,McFadden,https://www.theyworkforyou.com/mp/11936/pat_mcfadden/wolverhampton_south_east,Pat,#DC241f,E14001050,Pat McFadden
25423,St Helens North,Labour,McGinn,https://www.theyworkforyou.com/mp/25423/conor_mcginn/st_helens_north,Conor,#DC241f,E14000962,Conor McGinn
24897,Wirral South,Labour,McGovern,https://www.theyworkforyou.com/mp/24897/alison_mcgovern/wirral_south,Alison,#DC241f,E14001043,Alison McGovern
25230,Heywood and Middleton,Labour,McInnes,https://www.theyworkforyou.com/mp/25230/liz_mcinnes/heywood_and_middleton,Liz,#DC241f,E14000747,Liz McInnes
24818,Newcastle upon Tyne North,Labour,McKinnell,https://www.theyworkforyou.com/mp/24818/catherine_mckinnell/newcastle_upon_tyne_north,Catherine,#DC241f,E14000833,Catherine McKinnell
10397,Derbyshire Dales,Conservative,McLoughlin,https://www.theyworkforyou.com/mp/10397/patrick_mcloughlin/derbyshire_dales,Patrick,#0087DC,E14000664,Patrick McLoughlin
25475,Oldham West and Royton,Labour/Co-operative,McMahon,https://www.theyworkforyou.com/mp/25475/jim_mcmahon/oldham_west_and_royton,Jim,#DC241f,E14000871,Jim McMahon
25647,Cardiff North,Labour,McMorrin,https://www.theyworkforyou.com/mp/25647/anna_mcmorrin/cardiff_north,Anna,#DC241f,W07000051,Craig Williams
25271,Falkirk,Scottish National Party,McNally,https://www.theyworkforyou.com/mp/25271/john_mcnally/falkirk,John,#FFFF00,S14000028,John McNally
24888,Stevenage,Conservative,McPartland,https://www.theyworkforyou.com/mp/24888/stephen_mcpartland/stevenage,Stephen,#0087DC,E14000968,Stephen McPartland
24882,Tatton,Conservative,McVey,https://www.theyworkforyou.com/mp/24882/esther_mcvey/tatton,Esther,#0087DC,E14000987,George Osborne
24919,Gateshead,Labour,Mearns,https://www.theyworkforyou.com/mp/24919/ian_mearns/gateshead,Ian,#DC241f,E14000709,Ian Mearns
24804,Fylde,Conservative,Menzies,https://www.theyworkforyou.com/mp/24804/mark_menzies/fylde,Mark,#0087DC,E14000706,Mark Menzies
25367,"Plymouth, Moor View",Conservative,Mercer,https://www.theyworkforyou.com/mp/25367/johnny_mercer/plymouth%2C_moor_view,Johnny,#0087DC,E14000879,Johnny Mercer
25426,Bexhill and Battle,Conservative,Merriman,https://www.theyworkforyou.com/mp/25426/huw_merriman/bexhill_and_battle,Huw,#0087DC,E14000557,Huw Merriman
24749,South Basildon and East Thurrock,Conservative,Metcalfe,https://www.theyworkforyou.com/mp/24749/stephen_metcalfe/south_basildon_and_east_thurrock,Stephen,#0087DC,E14000933,Stephen Metcalfe
11545,Doncaster North,Labour,Miliband,https://www.theyworkforyou.com/mp/11545/ed_miliband/doncaster_north,Ed,#DC241f,E14000669,Ed Miliband
11389,Basingstoke,Conservative,Miller,https://www.theyworkforyou.com/mp/11389/maria_miller/basingstoke,Maria,#0087DC,E14000545,Maria Miller
25350,Cannock Chase,Conservative,Milling,https://www.theyworkforyou.com/mp/25350/amanda_milling/cannock_chase,Amanda,#0087DC,E14000618,Amanda Milling
24965,Amber Valley,Conservative,Mills,https://www.theyworkforyou.com/mp/24965/nigel_mills/amber_valley,Nigel,#0087DC,E14000533,Nigel Mills
11603,Guildford,Conservative,Milton,https://www.theyworkforyou.com/mp/11603/anne_milton/guildford,Anne,#0087DC,E14000719,Anne Milton
11115,Sutton Coldfield,Conservative,Mitchell,https://www.theyworkforyou.com/mp/11115/andrew_mitchell/sutton_coldfield,Andrew,#0087DC,E14000985,Andrew Mitchell
13836,Mid Ulster,Sinn Féin,Molloy,https://www.theyworkforyou.com/mp/13836/francie_molloy/mid_ulster,Francie,#008800,N06000010,Francie Molloy
25406,Glasgow North West,Scottish National Party,Monaghan,https://www.theyworkforyou.com/mp/25406/carol_monaghan/glasgow_north_west,Carol,#FFFF00,S14000033,Carol Monaghan
11450,Bridgend,Labour,Moon,https://www.theyworkforyou.com/mp/11450/madeleine_moon/bridgend,Madeleine,#DC241f,W07000073,Madeleine Moon
25630,Southport,Conservative,Moore,https://www.theyworkforyou.com/mp/25630/damien_moore/southport,Damien,#0087DC,E14000958,John Pugh
25689,Oxford West and Abingdon,Liberal Democrat,Moran,https://www.theyworkforyou.com/mp/25689/layla_moran/oxford_west_and_abingdon,Layla,#FDBB30,E14000874,Nicola Blackwood
24938,Portsmouth North,Conservative,Mordaunt,https://www.theyworkforyou.com/mp/24938/penny_mordaunt/portsmouth_north,Penny,#0087DC,E14000883,Penny Mordaunt
11732,Newport East,Labour,Morden,https://www.theyworkforyou.com/mp/11732/jessica_morden/newport_east,Jessica,#DC241f,W07000055,Jessica Morden
24732,Loughborough,Conservative,Morgan,https://www.theyworkforyou.com/mp/24732/nicky_morgan/loughborough,Nicky,#0087DC,E14000797,Nicky Morgan
25658,Portsmouth South,Labour,Morgan,https://www.theyworkforyou.com/mp/25658/stephen_morgan/portsmouth_south,Stephen,#DC241f,E14000884,Flick Drummond
24912,Newton Abbot,Conservative,Morris,https://www.theyworkforyou.com/mp/24912/anne_marie_morris/newton_abbot,Anne Marie,#0087DC,E14000835,Anne Marie Morris
24966,Morecambe and Lunesdale,Conservative,Morris,https://www.theyworkforyou.com/mp/24966/david_morris/morecambe_and_lunesdale,David,#0087DC,E14000825,David Morris
24715,Easington,Labour,Morris,https://www.theyworkforyou.com/mp/24715/grahame_morris/easington,Grahame,#DC241f,E14000677,Grahame Morris
24855,Halesowen and Rowley Regis,Conservative,Morris,https://www.theyworkforyou.com/mp/24855/james_morris/halesowen_and_rowley_regis,James,#0087DC,E14000722,James Morris
25342,Aldridge-Brownhills,Conservative,Morton,https://www.theyworkforyou.com/mp/25342/wendy_morton/aldridge-brownhills,Wendy,#0087DC,E14000531,Wendy Morton
11970,"Dumfriesshire, Clydesdale and Tweeddale",Conservative,Mundell,https://www.theyworkforyou.com/mp/11970/david_mundell/dumfriesshire%2C_clydesdale_and_tweeddale,David,#0087DC,S14000014,David Mundell
24872,Edinburgh South,Labour,Murray,https://www.theyworkforyou.com/mp/24872/ian_murray/edinburgh_south,Ian,#DC241f,S14000024,Ian Murray
24875,South East Cornwall,Conservative,Murray,https://www.theyworkforyou.com/mp/24875/sheryll_murray/south_east_cornwall,Sheryll,#0087DC,E14000938,Sheryll Murray
11132,South West Wiltshire,Conservative,Murrison,https://www.theyworkforyou.com/mp/11132/andrew_murrison/south_west_wiltshire,Andrew,#0087DC,E14000954,Andrew Murrison
24831,Wigan,Labour,Nandy,https://www.theyworkforyou.com/mp/24831/lisa_nandy/wigan,Lisa,#DC241f,E14001039,Lisa Nandy
13736,Bromley and Chislehurst,Conservative,Neill,https://www.theyworkforyou.com/mp/13736/bob_neill/bromley_and_chislehurst,Bob,#0087DC,E14000604,Bob Neill
25291,Paisley and Renfrewshire North,Scottish National Party,Newlands,https://www.theyworkforyou.com/mp/25291/gavin_newlands/paisley_and_renfrewshire_north,Gavin,#FFFF00,S14000052,Gavin Newlands
24948,Truro and Falmouth,Conservative,Newton,https://www.theyworkforyou.com/mp/24948/sarah_newton/truro_and_falmouth,Sarah,#0087DC,E14001003,Sarah Newton
24809,Romsey and Southampton North,Conservative,Nokes,https://www.theyworkforyou.com/mp/24809/caroline_nokes/romsey_and_southampton_north,Caroline,#0087DC,E14000901,Caroline Nokes
24827,Hereford and South Herefordshire,Conservative,Norman,https://www.theyworkforyou.com/mp/24827/jesse_norman/hereford_and_south_herefordshire,Jesse,#0087DC,E14000743,Jesse Norman
25687,Nottingham North,Labour/Co-operative,Norris,https://www.theyworkforyou.com/mp/25687/alex_norris/nottingham_north,Alex,#DC241f,E14000866,Graham Allen
25679,Harborough,Conservative,O'Brien,https://www.theyworkforyou.com/mp/25679/neil_o%27brien/harborough,Neil,#0087DC,E14000728,Edward Garnier
25370,Argyll and Bute,Scottish National Party,O'Hara,https://www.theyworkforyou.com/mp/25370/brendan_o%27hara/argyll_and_bute,Brendan,#FFFF00,S14000005,Brendan O'Hara
25636,"Sheffield, Hallam",Labour,O'Mara,https://www.theyworkforyou.com/mp/25636/jared_o%27mara/sheffield%2C_hallam,Jared,#DC241f,E14000919,Nick Clegg
24955,Hendon,Conservative,Offord,https://www.theyworkforyou.com/mp/24955/matthew_offord/hendon,Matthew,#0087DC,E14000741,Matthew Offord
25638,Peterborough,Labour,Onasanya,https://www.theyworkforyou.com/mp/25638/fiona_onasanya/peterborough,Fiona,#DC241f,E14000878,Stewart Jackson
25317,Great Grimsby,Labour,Onn,https://www.theyworkforyou.com/mp/25317/melanie_onn/great_grimsby,Melanie,#DC241f,E14000716,Melanie Onn
24807,Newcastle upon Tyne Central,Labour,Onwurah,https://www.theyworkforyou.com/mp/24807/chi_onwurah/newcastle_upon_tyne_central,Chi,#DC241f,E14000831,Chi Onwurah
24962,Hexham,Conservative,Opperman,https://www.theyworkforyou.com/mp/24962/guy_opperman/hexham,Guy,#0087DC,E14000746,Guy Opperman
25365,Edmonton,Labour/Co-operative,Osamor,https://www.theyworkforyou.com/mp/25365/kate_osamor/edmonton,Kate,#DC241f,E14000687,Kate Osamor
11148,Ynys Mon,Labour,Owen,https://www.theyworkforyou.com/mp/11148/albert_owen/ynys_mon,Albert,#DC241f,W07000041,Albert Owen
13852,North Antrim,DUP,Paisley Jnr,https://www.theyworkforyou.com/mp/13852/ian_paisley_jnr/north_antrim,Ian,#D46A4C,N06000012,Ian Paisley Jnr
24779,Tiverton and Honiton,Conservative,Parish,https://www.theyworkforyou.com/mp/24779/neil_parish/tiverton_and_honiton,Neil,#0087DC,E14000996,Neil Parish
24778,Witham,Conservative,Patel,https://www.theyworkforyou.com/mp/24778/priti_patel/witham,Priti,#0087DC,E14001045,Priti Patel
10473,North Shropshire,Conservative,Paterson,https://www.theyworkforyou.com/mp/10473/owen_paterson/north_shropshire,Owen,#0087DC,E14000849,Owen Paterson
24880,Rugby,Conservative,Pawsey,https://www.theyworkforyou.com/mp/24880/mark_pawsey/rugby,Mark,#0087DC,E14000905,Mark Pawsey
25617,Barnsley East,Labour,Peacock,https://www.theyworkforyou.com/mp/25617/stephanie_peacock/barnsley_east,Stephanie,#DC241f,E14000542,Michael Dugher
24956,Erith and Thamesmead,Labour,Pearce,https://www.theyworkforyou.com/mp/24956/teresa_pearce/erith_and_thamesmead,Teresa,#DC241f,E14000696,Teresa Pearce
11626,Hemel Hempstead,Conservative,Penning,https://www.theyworkforyou.com/mp/11626/mike_penning/hemel_hempstead,Mike,#0087DC,E14000739,Mike Penning
25379,Greenwich and Woolwich,Labour,Pennycook,https://www.theyworkforyou.com/mp/25379/matthew_pennycook/greenwich_and_woolwich,Matthew,#DC241f,E14000718,Matthew Pennycook
11924,Weston-Super-Mare,Conservative,Penrose,https://www.theyworkforyou.com/mp/11924/john_penrose/weston-super-mare,John,#0087DC,E14001038,John Penrose
24832,Brigg and Goole,Conservative,Percy,https://www.theyworkforyou.com/mp/24832/andrew_percy/brigg_and_goole,Andrew,#0087DC,E14000596,Andrew Percy
24845,Chesterfield,Labour,Perkins,https://www.theyworkforyou.com/mp/24845/toby_perkins/chesterfield,Toby,#DC241f,E14000632,Toby Perkins
24915,Devizes,Conservative,Perry,https://www.theyworkforyou.com/mp/24915/claire_perry/devizes,Claire,#0087DC,E14000665,Claire Perry
25364,"Birmingham, Yardley",Labour,Phillips,https://www.theyworkforyou.com/mp/25364/jess_phillips/birmingham%2C_yardley,Jess,#DC241f,E14000568,Jess Phillips
24709,Houghton and Sunderland South,Labour,Phillipson,https://www.theyworkforyou.com/mp/24709/bridget_phillipson/houghton_and_sunderland_south,Bridget,#DC241f,E14000754,Bridget Phillipson
25377,Croydon South,Conservative,Philp,https://www.theyworkforyou.com/mp/25377/chris_philp/croydon_south,Chris,#0087DC,E14000656,Chris Philp
25640,North West Durham,Labour,Pidcock,https://www.theyworkforyou.com/mp/25640/laura_pidcock/north_west_durham,Laura,#DC241f,E14000856,Pat Glass
24747,Tamworth,Conservative,Pincher,https://www.theyworkforyou.com/mp/24747/christopher_pincher/tamworth,Christopher,#0087DC,E14000986,Christopher Pincher
25611,Leigh,Labour/Co-operative,Platt,https://www.theyworkforyou.com/mp/25611/jo_platt/leigh,Jo,#DC241f,E14000785,Andy Burnham
25690,"Plymouth, Sutton and Devonport",Labour/Co-operative,Pollard,https://www.theyworkforyou.com/mp/25690/luke_pollard/plymouth%2C_sutton_and_devonport,Luke,#DC241f,E14000880,Oliver Colvile
24756,Central Suffolk and North Ipswich,Conservative,Poulter,https://www.theyworkforyou.com/mp/24756/daniel_poulter/central_suffolk_and_north_ipswich,Daniel,#0087DC,E14000624,Daniel Poulter
10484,Ealing North,Labour,Pound,https://www.theyworkforyou.com/mp/10484/steve_pound/ealing_north,Steve,#DC241f,E14000674,Steve Pound
25407,Taunton Deane,Conservative,Pow,https://www.theyworkforyou.com/mp/25407/rebecca_pow/taunton_deane,Rebecca,#0087DC,E14000988,Rebecca Pow
25165,Manchester Central,Labour/Co-operative,Powell,https://www.theyworkforyou.com/mp/25165/lucy_powell/manchester_central,Lucy,#DC241f,E14000807,Lucy Powell
25420,Banbury,Conservative,Prentis,https://www.theyworkforyou.com/mp/25420/victoria_prentis/banbury,Victoria,#0087DC,E14000539,Victoria Prentis
11172,Hertford and Stortford,Conservative,Prisk,https://www.theyworkforyou.com/mp/11172/mark_prisk/hertford_and_stortford,Mark,#0087DC,E14000744,Mark Prisk
11946,The Wrekin,Conservative,Pritchard,https://www.theyworkforyou.com/mp/11946/mark_pritchard/the_wrekin,Mark,#0087DC,E14000992,Mark Pritchard
25387,Corby,Conservative,Pursglove,https://www.theyworkforyou.com/mp/25387/tom_pursglove/corby,Tom,#0087DC,E14000648,Tom Pursglove
25417,Horsham,Conservative,Quin,https://www.theyworkforyou.com/mp/25417/jeremy_quin/horsham,Jeremy,#0087DC,E14000753,Jeremy Quin
25403,Colchester,Conservative,Quince,https://www.theyworkforyou.com/mp/25403/will_quince/colchester,Will,#0087DC,E14000644,Will Quince
24775,Bolton South East,Labour,Qureshi,https://www.theyworkforyou.com/mp/24775/yasmin_qureshi/bolton_south_east,Yasmin,#DC241f,E14000579,Yasmin Qureshi
24815,Esher and Walton,Conservative,Raab,https://www.theyworkforyou.com/mp/24815/dominic_raab/esher_and_walton,Dominic,#0087DC,E14000697,Dominic Raab
25700,Warrington South,Labour,Rashid,https://www.theyworkforyou.com/mp/25700/faisal_rashid/warrington_south,Faisal,#DC241f,E14001018,David Mowat
25429,Ashton-under-Lyne,Labour,Rayner,https://www.theyworkforyou.com/mp/25429/angela_rayner/ashton-under-lyne,Angela,#DC241f,E14000537,Angela Rayner
10499,Wokingham,Conservative,Redwood,https://www.theyworkforyou.com/mp/10499/john_redwood/wokingham,John,#0087DC,E14001048,John Redwood
25170,Croydon North,Labour/Co-operative,Reed,https://www.theyworkforyou.com/mp/25170/steve_reed/croydon_north,Steve,#DC241f,E14000655,Steve Reed
25332,Neath,Labour/Co-operative,Rees,https://www.theyworkforyou.com/mp/25332/christina_rees/neath,Christina,#DC241f,W07000069,Christina Rees
24926,North East Somerset,Conservative,Rees-Mogg,https://www.theyworkforyou.com/mp/24926/jacob_rees-mogg/north_east_somerset,Jacob,#0087DC,E14000846,Jacob Rees-Mogg
25681,Lewisham West and Penge,Labour,Reeves,https://www.theyworkforyou.com/mp/25681/ellie_reeves/lewisham_west_and_penge,Ellie,#DC241f,E14000787,Jim Dowd
24851,Leeds West,Labour,Reeves,https://www.theyworkforyou.com/mp/24851/rachel_reeves/leeds_west,Rachel,#DC241f,E14000781,Rachel Reeves
24868,Wolverhampton North East,Labour,Reynolds,https://www.theyworkforyou.com/mp/24868/emma_reynolds/wolverhampton_north_east,Emma,#DC241f,E14001049,Emma Reynolds
24929,Stalybridge and Hyde,Labour/Co-operative,Reynolds,https://www.theyworkforyou.com/mp/24929/jonathan_reynolds/stalybridge_and_hyde,Jonathan,#DC241f,E14000967,Jonathan Reynolds
25321,St Helens South and Whiston,Labour,Rimmer,https://www.theyworkforyou.com/mp/25321/marie_rimmer/st_helens_south_and_whiston,Marie,#DC241f,E14000963,Marie Rimmer
10505,Tewkesbury,Conservative,Robertson,https://www.theyworkforyou.com/mp/10505/laurence_robertson/tewkesbury,Laurence,#0087DC,E14000990,Laurence Robertson
25280,Belfast East,DUP,Robinson,https://www.theyworkforyou.com/mp/25280/gavin_robinson/belfast_east,Gavin,#D46A4C,N06000001,Gavin Robinson
10506,Coventry North West,Labour,Robinson,https://www.theyworkforyou.com/mp/10506/geoffrey_robinson/coventry_north_west,Geoffrey,#DC241f,E14000650,Geoffrey Robinson
25405,Cheadle,Conservative,Robinson,https://www.theyworkforyou.com/mp/25405/mary_robinson/cheadle,Mary,#0087DC,E14000627,Mary Robinson
25691,Reading East,Labour,Rodda,https://www.theyworkforyou.com/mp/25691/matt_rodda/reading_east,Matt,#DC241f,E14000889,Rob Wilson
11199,Romford,Conservative,Rosindell,https://www.theyworkforyou.com/mp/11199/andrew_rosindell/romford,Andrew,#0087DC,E14000900,Andrew Rosindell
25531,Moray,Conservative,Ross,https://www.theyworkforyou.com/mp/25531/douglas_ross/moray,Douglas,#0087DC,S14000046,Angus Robertson
25684,Midlothian,Labour,Rowley,https://www.theyworkforyou.com/mp/25684/danielle_rowley/midlothian,Danielle,#DC241f,S14000045,Owen Thompson
25685,North East Derbyshire,Conservative,Rowley,https://www.theyworkforyou.com/mp/25685/lee_rowley/north_east_derbyshire,Lee,#0087DC,E14000843,Natascha Engel
10518,Vale of Clwyd,Labour,Ruane,https://www.theyworkforyou.com/mp/10518/chris_ruane/vale_of_clwyd,Chris,#DC241f,W07000060,James Davies
24795,Hastings and Rye,Conservative,Rudd,https://www.theyworkforyou.com/mp/24795/amber_rudd/hastings_and_rye,Amber,#0087DC,E14000735,Amber Rudd
25667,"Brighton, Kemptown",Labour/Co-operative,Russell-Moyle,https://www.theyworkforyou.com/mp/25667/lloyd_russell-moyle/brighton%2C_kemptown,Lloyd,#DC241f,E14000597,Simon Kirby
24820,Macclesfield,Conservative,Rutley,https://www.theyworkforyou.com/mp/24820/david_rutley/macclesfield,David,#0087DC,E14000802,David Rutley
10523,Enfield North,Labour,Ryan,https://www.theyworkforyou.com/mp/10523/joan_ryan/enfield_north,Joan,#DC241f,E14000692,Joan Ryan
25363,Eddisbury,Conservative,Sandbach,https://www.theyworkforyou.com/mp/25363/antoinette_sandbach/eddisbury,Antoinette,#0087DC,E14000686,Antoinette Sandbach
25302,Dwyfor Meirionnydd,Plaid Cymru,Saville-Roberts,https://www.theyworkforyou.com/mp/25302/liz_saville-roberts/dwyfor_meirionnydd,Liz,#008142,W07000061,Liz Saville-Roberts
25331,Sutton and Cheam,Conservative,Scully,https://www.theyworkforyou.com/mp/25331/paul_scully/sutton_and_cheam,Paul,#0087DC,E14000984,Paul Scully
25645,Isle of Wight,Conservative,Seely,https://www.theyworkforyou.com/mp/25645/bob_seely/isle_of_wight,Bob,#0087DC,E14000762,Andrew Turner
11216,South West Bedfordshire,Conservative,Selous,https://www.theyworkforyou.com/mp/11216/andrew_selous/south_west_bedfordshire,Andrew,#0087DC,E14000949,Andrew Selous
25385,Bradford West,Labour,Shah,https://www.theyworkforyou.com/mp/25385/naseem_shah/bradford_west,Naseem,#DC241f,E14000589,Naseem Shah
13864,Strangford,DUP,Shannon,https://www.theyworkforyou.com/mp/13864/jim_shannon/strangford,Jim,#D46A4C,N06000016,Jim Shannon
11917,Welwyn Hatfield,Conservative,Shapps,https://www.theyworkforyou.com/mp/11917/grant_shapps/welwyn_hatfield,Grant,#0087DC,E14001027,Grant Shapps
24902,Reading West,Conservative,Sharma,https://www.theyworkforyou.com/mp/24902/alok_sharma/reading_west,Alok,#0087DC,E14000890,Alok Sharma
13934,"Ealing, Southall",Labour,Sharma,https://www.theyworkforyou.com/mp/13934/virendra_sharma/ealing%2C_southall,Virendra,#DC241f,E14000675,Virendra Sharma
10534,Huddersfield,Labour/Co-operative,Sheerman,https://www.theyworkforyou.com/mp/10534/barry_sheerman/huddersfield,Barry,#DC241f,E14000756,Barry Sheerman
24893,Elmet and Rothwell,Conservative,Shelbrooke,https://www.theyworkforyou.com/mp/24893/alec_shelbrooke/elmet_and_rothwell,Alec,#0087DC,E14000689,Alec Shelbrooke
25341,Edinburgh East,Scottish National Party,Sheppard,https://www.theyworkforyou.com/mp/25341/tommy_sheppard/edinburgh_east,Tommy,#FFFF00,S14000022,Tommy Sheppard
25421,Dewsbury,Labour,Sherriff,https://www.theyworkforyou.com/mp/25421/paula_sherriff/dewsbury,Paula,#DC241f,E14000666,Paula Sherriff
24847,Luton South,Labour/Co-operative,Shuker,https://www.theyworkforyou.com/mp/24847/gavin_shuker/luton_south,Gavin,#DC241f,E14000801,Gavin Shuker
25344,Hampstead and Kilburn,Labour,Siddiq,https://www.theyworkforyou.com/mp/25344/tulip_siddiq/hampstead_and_kilburn,Tulip,#DC241f,E14000727,Tulip Siddiq
11892,Upper Bann,DUP,Simpson,https://www.theyworkforyou.com/mp/11892/david_simpson/upper_bann,David,#D46A4C,N06000017,David Simpson
10542,Broadland,Conservative,Simpson,https://www.theyworkforyou.com/mp/10542/keith_simpson/broadland,Keith,#0087DC,E14000603,Keith Simpson
24713,Kingswood,Conservative,Skidmore,https://www.theyworkforyou.com/mp/24713/chris_skidmore/kingswood,Chris,#0087DC,E14000774,Chris Skidmore
10544,Bolsover,Labour,Skinner,https://www.theyworkforyou.com/mp/10544/dennis_skinner/bolsover,Dennis,#DC241f,E14000577,Dennis Skinner
11559,Hammersmith,Labour,Slaughter,https://www.theyworkforyou.com/mp/11559/andrew_slaughter/hammersmith,Andrew,#DC241f,E14000726,Andrew Slaughter
25435,Stoke-on-Trent North,Labour,Smeeth,https://www.theyworkforyou.com/mp/25435/ruth_smeeth/stoke-on-trent_north,Ruth,#DC241f,E14000973,Ruth Smeeth
11814,Penistone and Stocksbridge,Labour,Smith,https://www.theyworkforyou.com/mp/11814/angela_smith/penistone_and_stocksbridge,Angela,#DC241f,E14000876,Angela Smith
25432,Lancaster and Fleetwood,Labour,Smith,https://www.theyworkforyou.com/mp/25432/cat_smith/lancaster_and_fleetwood,Cat,#DC241f,E14000776,Cat Smith
24691,Norwich North,Conservative,Smith,https://www.theyworkforyou.com/mp/24691/chloe_smith/norwich_north,Chloe,#0087DC,E14000863,Chloe Smith
25631,Wolverhampton South West,Labour,Smith,https://www.theyworkforyou.com/mp/25631/eleanor_smith/wolverhampton_south_west,Eleanor,#DC241f,E14001051,Rob Marris
24802,Crawley,Conservative,Smith,https://www.theyworkforyou.com/mp/24802/henry_smith/crawley,Henry,#0087DC,E14000652,Henry Smith
25366,"Manchester, Withington",Labour,Smith,https://www.theyworkforyou.com/mp/25366/jeff_smith/manchester%2C_withington,Jeff,#DC241f,E14000809,Jeff Smith
24961,Skipton and Ripon,Conservative,Smith,https://www.theyworkforyou.com/mp/24961/julian_smith/skipton_and_ripon,Julian,#0087DC,E14000928,Julian Smith
25672,Crewe and Nantwich,Labour,Smith,https://www.theyworkforyou.com/mp/25672/laura_smith/crewe_and_nantwich,Laura,#DC241f,E14000653,Edward Timpson
24728,Blaenau Gwent,Labour,Smith,https://www.theyworkforyou.com/mp/24728/nick_smith/blaenau_gwent,Nick,#DC241f,W07000072,Nick Smith
24797,Pontypridd,Labour,Smith,https://www.theyworkforyou.com/mp/24797/owen_smith/pontypridd,Owen,#DC241f,W07000075,Owen Smith
25345,"Southampton, Itchen",Conservative,Smith,https://www.theyworkforyou.com/mp/25345/royston_smith/southampton%2C_itchen,Royston,#0087DC,E14000955,Royston Smith
25390,Bristol South,Labour,Smyth,https://www.theyworkforyou.com/mp/25390/karin_smyth/bristol_south,Karin,#DC241f,E14000601,Karin Smyth
25601,Stoke-on-Trent Central,Labour/Co-operative,Snell,https://www.theyworkforyou.com/mp/25601/gareth_snell/stoke-on-trent_central,Gareth,#DC241f,E14000972,Gareth Snell
10555,Mid Sussex,Conservative,Soames,https://www.theyworkforyou.com/mp/10555/nicholas_soames/mid_sussex,Nicholas,#0087DC,E14000817,Nicholas Soames
25680,Leeds North West,Labour/Co-operative,Sobel,https://www.theyworkforyou.com/mp/25680/alex_sobel/leeds_north_west,Alex,#DC241f,E14000780,Greg Mulholland
24772,Broxtowe,Conservative,Soubry,https://www.theyworkforyou.com/mp/24772/anna_soubry/broxtowe,Anna,#0087DC,E14000607,Anna Soubry
10558,Warley,Labour,Spellar,https://www.theyworkforyou.com/mp/10558/john_spellar/warley,John,#DC241f,E14001016,John Spellar
10559,Meriden,Conservative,Spelman,https://www.theyworkforyou.com/mp/10559/caroline_spelman/meriden,Caroline,#0087DC,E14000812,Caroline Spelman
24909,Sherwood,Conservative,Spencer,https://www.theyworkforyou.com/mp/24909/mark_spencer/sherwood,Mark,#0087DC,E14000924,Mark Spencer
25353,Holborn and St Pancras,Labour,Starmer,https://www.theyworkforyou.com/mp/25353/keir_starmer/holborn_and_st_pancras,Keir,#DC241f,E14000750,Keir Starmer
25306,Glasgow South West,Scottish National Party,Stephens,https://www.theyworkforyou.com/mp/25306/chris_stephens/glasgow_south_west,Chris,#FFFF00,S14000035,Chris Stephens
24759,Pendle,Conservative,Stephenson,https://www.theyworkforyou.com/mp/24759/andrew_stephenson/pendle,Andrew,#0087DC,E14000875,Andrew Stephenson
25304,Cardiff Central,Labour,Stevens,https://www.theyworkforyou.com/mp/25304/jo_stevens/cardiff_central,Jo,#DC241f,W07000050,Jo Stevens
24799,Carlisle,Conservative,Stevenson,https://www.theyworkforyou.com/mp/24799/john_stevenson/carlisle,John,#0087DC,E14000620,John Stevenson
24907,Beckenham,Conservative,Stewart,https://www.theyworkforyou.com/mp/24907/bob_stewart/beckenham,Bob,#0087DC,E14000551,Bob Stewart
24947,Milton Keynes South,Conservative,Stewart,https://www.theyworkforyou.com/mp/24947/iain_stewart/milton_keynes_south,Iain,#0087DC,E14000822,Iain Stewart
24964,Penrith and The Border,Conservative,Stewart,https://www.theyworkforyou.com/mp/24964/rory_stewart/penrith_and_the_border,Rory,#0087DC,E14000877,Rory Stewart
25668,"Caithness, Sutherland and Easter Ross",Liberal Democrat,Stone,https://www.theyworkforyou.com/mp/25668/jamie_stone/caithness%2C_sutherland_and_easter_ross,Jamie,#FDBB30,S14000009,Paul Monaghan
10575,South West Devon,Conservative,Streeter,https://www.theyworkforyou.com/mp/10575/gary_streeter/south_west_devon,Gary,#0087DC,E14000950,Gary Streeter
25320,Ilford North,Labour,Streeting,https://www.theyworkforyou.com/mp/25320/wes_streeting/ilford_north,Wes,#DC241f,E14000759,Wes Streeting
24914,Central Devon,Conservative,Stride,https://www.theyworkforyou.com/mp/24914/mel_stride/central_devon,Mel,#0087DC,E14000623,Mel Stride
10576,Blackley and Broughton,Labour,Stringer,https://www.theyworkforyou.com/mp/10576/graham_stringer/blackley_and_broughton,Graham,#DC241f,E14000571,Graham Stringer
11406,Beverley and Holderness,Conservative,Stuart,https://www.theyworkforyou.com/mp/11406/graham_stuart/beverley_and_holderness,Graham,#0087DC,E14000556,Graham Stuart
24853,York Outer,Conservative,Sturdy,https://www.theyworkforyou.com/mp/24853/julian_sturdy/york_outer,Julian,#0087DC,E14001062,Julian Sturdy
25428,Richmond (Yorks),Conservative,Sunak,https://www.theyworkforyou.com/mp/25428/rishi_sunak/richmond_%28yorks%29,Rishi,#0087DC,E14000895,Rishi Sunak
10580,New Forest West,Conservative,Swayne,https://www.theyworkforyou.com/mp/10580/desmond_swayne/new_forest_west,Desmond,#0087DC,E14000828,Desmond Swayne
25639,Glasgow North East,Labour,Sweeney,https://www.theyworkforyou.com/mp/25639/paul_sweeney/glasgow_north_east,Paul,#DC241f,S14000032,Anne McLaughlin
11971,East Dunbartonshire,Liberal Democrat,Swinson,https://www.theyworkforyou.com/mp/11971/jo_swinson/east_dunbartonshire,Jo,#FDBB30,S14000018,John Nicolson
11265,East Devon,Conservative,Swire,https://www.theyworkforyou.com/mp/11265/hugo_swire/east_devon,Hugo,#0087DC,E14000678,Hugo Swire
10582,Poole,Conservative,Syms,https://www.theyworkforyou.com/mp/10582/robert_syms/poole,Robert,#0087DC,E14000881,Robert Syms
11267,Alyn and Deeside,Labour,Tami,https://www.theyworkforyou.com/mp/11267/mark_tami/alyn_and_deeside,Mark,#DC241f,W07000043,Mark Tami
25327,Glasgow Central,Scottish National Party,Thewliss,https://www.theyworkforyou.com/mp/25327/alison_thewliss/glasgow_central,Alison,#FFFF00,S14000029,Alison Thewliss
25440,St Ives,Conservative,Thomas,https://www.theyworkforyou.com/mp/25440/derek_thomas/st_ives,Derek,#0087DC,E14000964,Derek Thomas
10594,Harrow West,Labour/Co-operative,Thomas,https://www.theyworkforyou.com/mp/10594/gareth_thomas/harrow_west,Gareth,#DC241f,E14000732,Gareth Thomas
25279,Torfaen,Labour,Thomas-Symonds,https://www.theyworkforyou.com/mp/25279/nick_thomas-symonds/torfaen,Nick,#DC241f,W07000053,Nick Thomas-Symonds
25539,Aberdeen South,Conservative,Thomson,https://www.theyworkforyou.com/mp/25539/ross_thomson/aberdeen_south,Ross,#0087DC,S14000002,Callum McCaig
11656,Islington South and Finsbury,Labour,Thornberry,https://www.theyworkforyou.com/mp/11656/emily_thornberry/islington_south_and_finsbury,Emily,#DC241f,E14000764,Emily Thornberry
25371,Erewash,Conservative,Throup,https://www.theyworkforyou.com/mp/25371/maggie_throup/erewash,Maggie,#0087DC,E14000695,Maggie Throup
10596,East Ham,Labour,Timms,https://www.theyworkforyou.com/mp/10596/stephen_timms/east_ham,Stephen,#DC241f,E14000679,Stephen Timms
25430,Rochester and Strood,Conservative,Tolhurst,https://www.theyworkforyou.com/mp/25430/kelly_tolhurst/rochester_and_strood,Kelly,#0087DC,E14000898,Kelly Tolhurst
24870,North Swindon,Conservative,Tomlinson,https://www.theyworkforyou.com/mp/24870/justin_tomlinson/north_swindon,Justin,#0087DC,E14000851,Justin Tomlinson
25422,Mid Dorset and North Poole,Conservative,Tomlinson,https://www.theyworkforyou.com/mp/25422/michael_tomlinson/mid_dorset_and_north_poole,Michael,#0087DC,E14000815,Michael Tomlinson
25290,North Warwickshire,Conservative,Tracey,https://www.theyworkforyou.com/mp/25290/craig_tracey/north_warwickshire,Craig,#0087DC,E14000854,Craig Tracey
10602,Bosworth,Conservative,Tredinnick,https://www.theyworkforyou.com/mp/10602/david_tredinnick/bosworth,David,#0087DC,E14000583,David Tredinnick
25439,Berwick-upon-Tweed,Conservative,Trevelyan,https://www.theyworkforyou.com/mp/25439/anne-marie_trevelyan/berwick-upon-tweed,Anne-Marie,#0087DC,E14000554,Anne-Marie Trevelyan
10604,Hemsworth,Labour,Trickett,https://www.theyworkforyou.com/mp/10604/jon_trickett/hemsworth,Jon,#DC241f,E14000740,Jon Trickett
24941,South West Norfolk,Conservative,Truss,https://www.theyworkforyou.com/mp/24941/elizabeth_truss/south_west_norfolk,Elizabeth,#0087DC,E14000952,Elizabeth Truss
25374,Tonbridge and Malling,Conservative,Tugendhat,https://www.theyworkforyou.com/mp/25374/thomas_tugendhat/tonbridge_and_malling,Thomas,#0087DC,E14000997,Thomas Tugendhat
25313,Redcar,Labour/Co-operative,Turley,https://www.theyworkforyou.com/mp/25313/anna_turley/redcar,Anna,#DC241f,E14000891,Anna Turley
24767,Kingston upon Hull East,Labour,Turner,https://www.theyworkforyou.com/mp/24767/karl_turner/kingston_upon_hull_east,Karl,#DC241f,E14000771,Karl Turner
10610,Halton,Labour,Twigg,https://www.theyworkforyou.com/mp/10610/derek_twigg/halton,Derek,#DC241f,E14000725,Derek Twigg
10611,"Liverpool, West Derby",Labour/Co-operative,Twigg,https://www.theyworkforyou.com/mp/10611/stephen_twigg/liverpool%2C_west_derby,Stephen,#DC241f,E14000796,Stephen Twigg
25623,Blaydon,Labour,Twist,https://www.theyworkforyou.com/mp/25623/liz_twist/blaydon,Liz,#DC241f,E14000574,David Anderson
24950,Streatham,Labour,Umunna,https://www.theyworkforyou.com/mp/24950/chuka_umunna/streatham,Chuka,#DC241f,E14000978,Chuka Umunna
11905,Wantage,Conservative,Vaizey,https://www.theyworkforyou.com/mp/11905/ed_vaizey/wantage,Ed,#0087DC,E14001015,Ed Vaizey
11475,North West Cambridgeshire,Conservative,Vara,https://www.theyworkforyou.com/mp/11475/shailesh_vara/north_west_cambridgeshire,Shailesh,#0087DC,E14000855,Shailesh Vara
10614,Leicester East,Labour,Vaz,https://www.theyworkforyou.com/mp/10614/keith_vaz/leicester_east,Keith,#DC241f,E14000782,Keith Vaz
24852,Walsall South,Labour,Vaz,https://www.theyworkforyou.com/mp/24852/valerie_vaz/walsall_south,Valerie,#DC241f,E14001012,Valerie Vaz
24814,Cleethorpes,Conservative,Vickers,https://www.theyworkforyou.com/mp/24814/martin_vickers/cleethorpes,Martin,#0087DC,E14000643,Martin Vickers
11500,Chipping Barnet,Conservative,Villiers,https://www.theyworkforyou.com/mp/11500/theresa_villiers/chipping_barnet,Theresa,#0087DC,E14000636,Theresa Villiers
11461,Broxbourne,Conservative,Walker,https://www.theyworkforyou.com/mp/11461/charles_walker/broxbourne,Charles,#0087DC,E14000606,Charles Walker
24862,Worcester,Conservative,Walker,https://www.theyworkforyou.com/mp/24862/robin_walker/worcester,Robin,#0087DC,E14001052,Robin Walker
25671,Colne Valley,Labour,Walker,https://www.theyworkforyou.com/mp/25671/thelma_walker/colne_valley,Thelma,#DC241f,E14000645,Jason McCartney
11668,Wyre and Preston North,Conservative,Wallace,https://www.theyworkforyou.com/mp/11668/ben_wallace/wyre_and_preston_north,Ben,#0087DC,E14001057,Ben Wallace
25372,Somerton and Frome,Conservative,Warburton,https://www.theyworkforyou.com/mp/25372/david_warburton/somerton_and_frome,David,#0087DC,E14000932,David Warburton
25395,Boston and Skegness,Conservative,Warman,https://www.theyworkforyou.com/mp/25395/matt_warman/boston_and_skegness,Matt,#0087DC,E14000582,Matt Warman
25644,Clacton,Conservative,Watling,https://www.theyworkforyou.com/mp/25644/giles_watling/clacton,Giles,#0087DC,E14000642,Douglas Carswell
11309,West Bromwich East,Labour,Watson,https://www.theyworkforyou.com/mp/11309/tom_watson/west_bromwich_east,Tom,#DC241f,E14001029,Tom Watson
25328,Hornsey and Wood Green,Labour,West,https://www.theyworkforyou.com/mp/25328/catherine_west/hornsey_and_wood_green,Catherine,#DC241f,E14000752,Catherine West
25701,Warwick and Leamington,Labour,Western,https://www.theyworkforyou.com/mp/25701/matt_western/warwick_and_leamington,Matt,#DC241f,E14001019,Chris White
25398,Faversham and Mid Kent,Conservative,Whately,https://www.theyworkforyou.com/mp/25398/helen_whately/faversham_and_mid_kent,Helen,#0087DC,E14000700,Helen Whately
24769,South Derbyshire,Conservative,Wheeler,https://www.theyworkforyou.com/mp/24769/heather_wheeler/south_derbyshire,Heather,#0087DC,E14000935,Heather Wheeler
10630,"Southampton, Test",Labour,Whitehead,https://www.theyworkforyou.com/mp/10630/alan_whitehead/southampton%2C_test,Alan,#DC241f,E14000956,Alan Whitehead
25651,East Lothian,Labour,Whitfield,https://www.theyworkforyou.com/mp/25651/martin_whitfield/east_lothian,Martin,#DC241f,S14000020,George Kerevan
25318,Central Ayrshire,Scottish National Party,Whitford,https://www.theyworkforyou.com/mp/25318/philippa_whitford/central_ayrshire,Philippa,#FFFF00,S14000010,Philippa Whitford
24944,Calder Valley,Conservative,Whittaker,https://www.theyworkforyou.com/mp/24944/craig_whittaker/calder_valley,Craig,#0087DC,E14000614,Craig Whittaker
10632,Maldon,Conservative,Whittingdale,https://www.theyworkforyou.com/mp/10632/john_whittingdale/maldon,John,#0087DC,E14000806,John Whittingdale
11318,North Herefordshire,Conservative,Wiggin,https://www.theyworkforyou.com/mp/11318/bill_wiggin/north_herefordshire,Bill,#0087DC,E14000847,Bill Wiggin
11323,Arfon,Plaid Cymru,Williams,https://www.theyworkforyou.com/mp/11323/hywel_williams/arfon,Hywel,#008142,W07000057,Hywel Williams
25621,Stockton South,Labour,Williams,https://www.theyworkforyou.com/mp/25621/paul_williams/stockton_south,Paul,#DC241f,E14000971,James Wharton
24830,Derby North,Labour,Williamson,https://www.theyworkforyou.com/mp/24830/chris_williamson/derby_north,Chris,#DC241f,E14000662,Amanda Solloway
24729,South Staffordshire,Conservative,Williamson,https://www.theyworkforyou.com/mp/24729/gavin_williamson/south_staffordshire,Gavin,#0087DC,E14000945,Gavin Williamson
13933,Sedgefield,Labour,Wilson,https://www.theyworkforyou.com/mp/13933/phil_wilson/sedgefield,Phil,#DC241f,E14000915,Phil Wilson
11374,East Antrim,DUP,Wilson,https://www.theyworkforyou.com/mp/11374/sammy_wilson/east_antrim,Sammy,#D46A4C,N06000005,Sammy Wilson
10648,Doncaster Central,Labour,Winterton,https://www.theyworkforyou.com/mp/10648/rosie_winterton/doncaster_central,Rosie,#DC241f,E14000668,Rosie Winterton
11333,Perth and North Perthshire,Scottish National Party,Wishart,https://www.theyworkforyou.com/mp/11333/pete_wishart/perth_and_north_perthshire,Pete,#FFFF00,S14000054,Pete Wishart
24761,Totnes,Conservative,Wollaston,https://www.theyworkforyou.com/mp/24761/sarah_wollaston/totnes,Sarah,#0087DC,E14001001,Sarah Wollaston
25362,Dudley South,Conservative,Wood,https://www.theyworkforyou.com/mp/25362/mike_wood/dudley_south,Mike,#0087DC,E14000672,Mike Wood
24837,Barrow and Furness,Labour/Co-operative,Woodcock,https://www.theyworkforyou.com/mp/24837/john_woodcock/barrow_and_furness,John,#DC241f,E14000543,John Woodcock
25360,Hazel Grove,Conservative,Wragg,https://www.theyworkforyou.com/mp/25360/william_wragg/hazel_grove,William,#0087DC,E14000738,William Wragg
11791,Kenilworth and Southam,Conservative,Wright,https://www.theyworkforyou.com/mp/11791/jeremy_wright/kenilworth_and_southam,Jeremy,#0087DC,E14000767,Jeremy Wright
25649,Bedford,Labour,Yasin,https://www.theyworkforyou.com/mp/25649/mohammad_yasin/bedford,Mohammad,#DC241f,E14000552,Richard Fuller
24822,Stratford-on-Avon,Conservative,Zahawi,https://www.theyworkforyou.com/mp/24822/nadhim_zahawi/stratford-on-avon,Nadhim,#0087DC,E14000977,Nadhim Zahawi
25386,Cambridge,Labour,Zeichner,https://www.theyworkforyou.com/mp/25386/daniel_zeichner/cambridge,Daniel,#DC241f,E14000617,Daniel Zeichner
25662,"Manchester, Gorton",Labour,Khan,https://www.theyworkforyou.com/mp/25662/afzal_khan/manchester%2C_gorton,Afzal,#DC241f,E14000808,Afzal Khan
